km_since_last_service,days_since_last_service,previous_breakdown_count,avg_daily_run_km,daily_distance,average_speed,overspeed_count,harsh_brake_count,sudden_acceleration_count,vibration_index,tilt_spike_count,acceleration_std,days_until_service
3745.4,348,0,333.91,346.84,37.83,10,10,7,0.367,2,0.139,6
1834.05,313,0,229.58,210.41,44.47,9,15,11,0.879,5,0.272,0
6183.86,363,0,277.72,227.34,44.3,20,8,6,0.111,0,1.935,0
976.72,339,0,304.98,318.4,53.33,2,13,0,0.307,3,0.692,51
5200.68,105,0,109.39,124.37,37.99,9,13,3,0.578,5,0.472,23
3886.77,337,0,276.03,327.39,44.28,12,8,12,0.742,0,0.13,4
4234.01,128,0,101.66,114.48,48.27,2,2,0,0.585,1,0.781,77
635.58,61,0,318.88,336.43,55.49,0,2,4,0.877,2,1.545,105
5612.77,254,0,112.13,121.58,24.44,12,2,14,0.817,0,0.697,18
2492.92,236,0,160.92,189.42,43.95,18,5,11,0.844,4,0.662,17
1054.94,283,1,155.97,180.46,41.57,6,13,0,0.318,2,0.912,47
69.52,136,0,307.73,279.35,29.77,8,3,0,0.152,1,1.929,111
2517.82,112,0,399.32,362.07,59.06,4,15,0,0.607,5,0.375,50
2420.55,323,0,210.9,189.15,52.13,4,3,1,0.607,2,1.651,49
7983.45,200,0,155.96,127.31,43.64,3,2,9,0.51,2,0.762,18
8377.1,266,0,134.04,156.81,55.09,2,6,11,0.24,0,1.082,0
2608.29,303,3,267.49,308.43,27.55,8,2,2,0.681,2,1.727,4
8509.28,112,0,369.57,385.3,20.37,2,8,12,0.327,5,1.143,0
6918.95,207,5,152.78,123.33,39.76,15,3,7,0.62,2,1.349,0
3677.16,21,0,391.9,375.15,55.68,1,4,13,0.616,0,0.471,84
7224.52,146,0,330.57,270.22,59.78,13,4,5,0.396,0,1.911,23
5722.92,187,2,188.33,179.68,54.05,2,15,1,0.545,5,1.422,0
5700.61,279,0,301.34,284.3,30.17,9,1,9,0.693,0,0.36,31
2965.1,25,1,360.12,419.65,40.45,3,12,3,0.62,5,1.612,43
8900.05,142,0,128.19,132.21,21.44,16,3,9,0.758,5,1.12,4
2715.43,107,0,125.6,103.08,41.25,14,2,6,0.211,4,1.942,53
7145.95,146,1,181.25,176.83,23.14,4,9,4,0.165,0,1.408,13
938.73,88,0,183.98,217.45,49.52,4,5,12,0.436,3,1.175,84
1586.46,85,0,134.82,110.34,21.63,13,13,3,0.24,1,1.55,70
4646.74,356,0,284.76,300.14,21.81,9,9,2,0.503,0,1.125,12
6839.64,15,0,292.73,237.28,43.43,19,7,11,0.411,3,0.344,23
6259.4,64,3,371.61,326.39,22.77,13,1,12,0.176,2,0.739,2
6557.23,92,1,106.98,120.44,31.27,3,9,4,0.379,2,1.767,24
2820.35,356,1,342.05,409.16,36.5,17,0,6,0.564,5,1.168,3
2385.97,182,1,326.36,274.55,56.1,19,15,8,0.356,2,0.29,16
9568.01,222,3,272.03,286.38,37.94,2,11,8,0.543,4,1.53,4
7915.79,56,0,379.28,451.23,59.84,4,2,6,0.537,2,0.322,40
6182.18,252,1,227.83,202.55,35.87,1,4,12,0.168,2,1.204,5
8631.39,341,1,384.17,458.86,50.14,5,11,14,0.485,3,1.161,4
1111.97,172,0,240.6,197.9,24.75,8,6,0,0.645,3,1.928,67
3748.71,311,0,230.9,258.8,59.12,12,12,14,0.813,5,1.857,0
6954.11,46,0,308.72,303.11,45.1,2,15,6,0.136,3,1.922,15
578.64,357,0,286.04,260.57,27.52,7,9,11,0.567,3,0.785,33
323.16,200,0,344.14,369.57,26.5,13,2,12,0.852,2,1.479,40
6134.15,9,3,359.82,294.36,21.05,0,5,0,0.484,0,0.816,41
8291.64,176,1,240.61,232.41,30.94,15,6,5,0.653,4,1.999,7
9966.37,22,1,383.43,437.06,29.89,13,8,13,0.301,4,1.252,3
6181.28,347,0,106.66,106.58,39.05,2,10,1,0.782,5,1.939,0
884.08,250,0,140.2,113.78,50.21,20,13,1,0.744,5,1.273,17
6366.44,334,0,371.25,348.71,40.56,14,11,13,0.598,2,1.426,1
7964.72,137,2,247.63,223.69,38.37,1,5,4,0.378,5,1.303,0
1288.8,182,0,220.09,237.49,27.2,3,7,8,0.817,2,1.079,68
9731.1,60,0,112.26,97.39,31.14,20,5,0,0.528,3,0.492,0
6903.95,72,0,244.34,262.7,40.47,10,14,15,0.149,1,1.75,0
845.17,354,0,162.8,154.37,39.38,13,7,1,0.698,5,0.381,35
8444.41,362,0,132.15,129.37,41.3,14,15,8,0.69,3,0.138,0
3220.79,230,0,260.6,232.79,33.72,3,9,2,0.619,1,0.265,75
7454.39,235,0,185.13,174.99,45.84,1,10,7,0.499,5,1.251,5
2372.27,149,0,209.61,208.58,54.03,8,6,2,0.52,4,1.967,52
9694.7,3,0,392.52,391.07,48.92,1,14,10,0.557,2,1.693,0
2050.78,117,1,159.85,174.96,41.19,0,9,13,0.331,4,1.062,49
5938.83,177,0,264.58,269.76,28.07,7,1,3,0.304,4,0.105,48
1166.96,37,0,204.66,239.82,53.22,11,1,13,0.846,2,1.883,79
8418.29,327,1,325.15,364.11,53.01,4,4,2,0.632,1,1.825,7
3161.97,41,0,344.98,336.58,35.08,18,12,5,0.532,0,0.541,54
5435.53,103,0,262.85,255.66,33.31,18,7,9,0.211,4,1.041,21
7414.61,156,0,193.52,174.05,49.76,3,5,1,0.71,2,1.534,24
3788.22,364,0,219.19,245.25,26.0,14,3,11,0.718,2,1.318,0
6939.48,291,1,279.71,316.27,58.36,7,5,5,0.421,1,1.9,1
5058.89,110,1,277.89,233.67,56.75,4,7,4,0.666,1,1.565,30
3744.35,50,1,380.31,445.05,38.03,13,4,4,0.232,3,0.337,64
3990.03,308,0,340.86,273.32,33.34,19,8,9,0.836,1,0.985,2
4808.37,346,0,167.38,164.2,25.63,6,3,5,0.127,0,0.789,49
130.94,48,0,388.32,333.75,36.58,7,0,6,0.576,4,0.855,106
4267.89,210,0,240.47,252.49,35.11,15,7,2,0.153,5,1.457,30
4810.88,221,0,146.57,127.92,54.47,6,2,15,0.318,2,1.324,39
4087.34,86,4,351.94,403.6,36.32,2,7,6,0.638,4,1.231,4
8874.6,91,0,129.83,116.49,48.89,13,10,15,0.418,4,0.368,0
4063.92,310,2,103.9,86.67,28.32,18,15,12,0.801,4,0.901,0
3796.92,118,0,287.24,276.84,42.08,1,4,11,0.276,1,1.551,66
1401.13,201,0,395.61,391.03,27.28,17,2,0,0.315,1,1.304,63
8349.3,3,0,370.17,398.49,47.33,5,1,15,0.194,3,1.046,22
671.75,164,0,348.92,307.95,20.44,20,10,8,0.313,2,1.235,51
1753.71,172,1,221.31,245.3,36.88,1,11,5,0.69,2,0.272,66
7709.86,28,0,186.61,175.84,48.76,6,7,2,0.859,5,0.357,17
5398.43,226,1,353.92,418.37,26.19,8,9,1,0.185,0,0.768,19
4127.94,60,0,230.45,207.07,52.76,4,11,11,0.874,5,1.221,25
9173.14,16,3,233.8,204.36,41.68,18,7,14,0.745,4,1.415,0
8491.96,24,2,294.0,316.72,22.06,14,15,9,0.571,0,0.443,4
339.46,116,1,157.78,133.5,36.87,17,14,13,0.144,2,0.706,48
8289.15,272,0,209.41,214.49,39.24,2,4,10,0.372,3,1.188,0
6616.55,209,0,228.05,262.4,36.7,2,9,1,0.117,4,1.105,29
9390.68,226,0,102.85,84.44,23.54,20,11,8,0.565,3,1.97,0
4213.57,64,0,133.14,125.4,31.49,3,1,13,0.571,0,1.83,78
451.01,304,0,137.33,162.4,51.92,4,10,11,0.434,5,1.242,35
4015.8,348,0,282.32,283.75,29.23,1,8,9,0.129,1,1.581,27
3501.25,260,0,164.9,166.1,43.89,16,12,10,0.417,1,1.033,24
7478.72,88,0,274.03,229.25,55.1,2,10,11,0.481,2,1.916,8
8621.28,8,0,379.48,415.18,31.26,14,5,7,0.657,1,1.112,14
5713.19,39,0,269.72,244.58,55.15,18,15,7,0.296,2,1.748,13
7083.63,362,0,379.03,319.27,47.96,6,4,10,0.869,0,0.156,0
3351.19,157,2,100.34,102.59,50.27,11,6,1,0.33,5,0.72,21
5598.44,359,0,290.2,294.84,51.19,5,2,13,0.115,0,1.93,17
9320.28,277,3,306.37,253.41,32.04,16,11,5,0.667,5,0.757,0
6209.16,209,2,392.05,465.58,49.99,2,3,12,0.407,4,0.142,0
7704.07,57,0,147.68,145.82,57.77,2,12,8,0.231,4,1.418,5
2207.7,129,1,169.02,144.09,54.72,11,7,11,0.685,4,1.313,18
9839.78,256,0,317.33,348.53,28.01,16,8,7,0.395,3,0.999,0
9681.93,144,0,146.1,143.39,41.21,6,2,12,0.205,4,1.832,8
2475.4,8,0,247.48,204.34,43.28,20,1,7,0.447,4,0.384,84
4645.99,319,0,392.41,427.24,46.28,0,11,5,0.826,2,1.013,2
9866.63,159,0,244.71,216.36,33.84,7,15,1,0.361,1,1.115,0
8825.33,76,0,219.08,186.89,42.7,13,9,1,0.757,1,0.418,15
7064.76,8,3,115.59,117.5,48.36,7,7,1,0.6,3,0.745,0
8148.25,6,0,265.9,276.27,51.35,2,14,8,0.231,5,0.255,16
7896.99,182,0,148.5,120.04,46.13,4,15,7,0.88,2,0.255,0
4032.61,92,0,161.07,183.01,26.97,20,14,9,0.694,3,1.295,13
5048.45,49,2,273.6,266.88,49.01,3,1,14,0.821,5,1.345,12
9921.33,185,2,163.2,171.23,45.26,14,0,2,0.721,3,1.827,0
9713.95,292,2,247.68,222.64,54.83,14,13,7,0.564,3,1.227,0
1635.24,344,3,177.44,188.56,33.01,7,11,7,0.417,2,1.779,0
4487.78,331,1,229.27,206.22,44.69,0,8,15,0.387,3,0.17,0
7364.02,203,0,353.25,396.44,43.41,14,5,11,0.532,3,0.613,0
9366.06,284,0,167.41,145.98,23.54,0,0,2,0.133,1,0.855,16
4798.97,250,0,385.54,407.0,54.72,14,10,1,0.374,5,0.365,0
6734.32,340,0,301.78,294.99,54.73,14,1,0,0.77,1,0.811,6
175.16,144,1,359.38,397.98,24.52,13,3,0,0.58,5,0.848,53
6578.45,191,0,393.15,378.51,54.83,8,4,12,0.331,2,1.769,1
4041.4,131,0,342.35,378.27,51.91,18,12,10,0.401,5,1.135,0
6954.67,315,0,278.95,284.04,37.78,5,9,10,0.583,5,1.321,0
7593.44,264,0,359.0,361.74,39.17,20,12,9,0.187,4,0.858,5
6079.05,342,1,315.44,372.91,20.73,10,6,15,0.618,3,1.914,12
6546.93,50,0,380.33,357.76,24.06,3,15,4,0.328,2,1.866,32
896.26,157,1,181.79,175.5,24.88,10,6,14,0.788,4,0.451,45
2952.78,240,0,176.97,209.74,39.34,6,5,0,0.399,4,1.303,50
8191.89,213,0,338.12,357.95,26.99,9,7,7,0.383,1,0.586,2
3020.61,151,1,227.12,242.34,23.82,3,9,0,0.439,4,0.419,57
2167.4,149,0,292.59,305.13,41.87,9,8,13,0.606,0,1.044,53
9877.86,290,0,302.75,295.82,37.83,8,0,10,0.893,3,1.656,0
9055.25,108,0,125.7,145.52,27.67,7,0,10,0.375,3,0.941,18
8318.63,4,0,292.05,265.32,43.71,2,5,11,0.359,2,0.462,43
3629.44,290,1,239.56,197.41,42.49,3,4,12,0.608,0,0.424,30
4094.78,157,0,326.85,306.92,46.6,19,2,15,0.406,3,1.951,0
6715.58,83,0,126.74,139.68,25.11,15,11,5,0.227,4,0.169,23
3031.28,113,0,214.27,201.1,29.56,0,10,2,0.418,1,1.241,86
4969.63,341,0,217.31,217.41,35.89,5,1,12,0.404,1,1.749,15
8059.25,335,0,345.62,321.09,20.92,1,2,1,0.866,1,1.318,0
8620.14,163,0,141.76,164.34,53.17,19,2,2,0.419,0,1.366,8
1217.62,24,0,123.99,137.71,24.88,12,14,13,0.801,4,0.301,52
6195.88,59,0,215.94,221.5,27.67,1,13,10,0.703,0,0.918,45
1706.65,148,0,190.98,160.51,47.69,0,3,3,0.897,0,0.542,101
6557.24,230,1,337.63,324.77,46.16,2,6,10,0.431,5,0.436,0
3870.79,132,0,224.85,223.17,20.77,14,4,9,0.645,4,0.509,37
1097.36,187,0,249.8,226.42,25.97,3,1,3,0.295,1,1.004,108
3758.88,41,1,367.63,434.58,51.48,8,8,0,0.747,4,0.631,40
7811.7,283,0,297.81,344.87,45.47,14,0,11,0.46,4,0.385,0
7374.34,86,0,112.5,93.82,48.65,12,2,7,0.184,0,1.917,31
2965.36,138,4,382.69,426.14,34.19,4,4,13,0.764,1,0.14,8
821.72,219,2,334.75,298.3,59.04,14,1,2,0.197,5,0.595,47
3222.16,163,0,393.99,410.05,43.3,15,15,15,0.625,2,0.183,9
1108.08,182,0,212.8,217.06,35.55,17,5,3,0.293,4,1.384,55
9924.15,121,1,358.41,408.09,56.76,17,4,12,0.277,5,1.7,0
7284.91,134,0,116.16,107.8,50.13,12,1,1,0.205,3,1.654,26
8407.03,277,0,277.1,278.03,31.9,18,6,12,0.175,3,1.309,0
7611.22,110,0,267.41,300.76,49.67,2,0,3,0.179,1,1.349,51
8151.18,218,0,206.62,230.07,42.17,9,9,9,0.128,0,0.121,8
7495.45,19,0,144.67,133.42,55.07,4,9,3,0.408,3,1.472,36
3915.26,309,0,100.97,105.8,34.22,12,3,0,0.571,3,1.069,31
7234.05,228,0,268.45,274.96,44.14,1,13,1,0.582,3,1.668,0
585.51,108,1,394.59,348.79,53.01,18,15,12,0.218,0,0.925,40
886.0,115,0,340.41,376.71,49.34,12,0,0,0.61,3,1.593,78
8398.02,74,1,385.09,339.33,42.62,9,1,2,0.121,0,1.213,19
5864.79,197,0,189.62,223.04,30.37,13,9,2,0.402,4,1.014,12
7060.19,89,0,318.38,317.93,37.47,3,5,8,0.227,3,0.35,34
3988.36,83,0,386.98,320.26,22.28,6,2,6,0.825,1,0.617,64
7767.11,43,0,355.93,291.36,44.79,10,8,4,0.526,0,1.567,38
864.25,159,0,389.02,398.38,57.47,9,9,11,0.73,5,1.489,25
5653.3,344,3,390.21,340.73,20.88,20,3,14,0.301,5,1.166,2
5233.91,60,0,221.19,224.96,51.67,16,0,1,0.165,5,1.709,39
6641.88,56,0,238.69,230.26,46.04,11,7,14,0.51,3,0.776,17
9780.62,242,1,160.41,144.92,26.59,3,13,3,0.516,4,1.353,0
9466.38,167,4,331.6,268.89,22.61,2,7,11,0.531,3,1.617,0
3719.33,278,1,214.13,237.73,58.58,11,9,7,0.33,3,1.539,0
6426.75,237,0,147.39,158.94,51.73,6,15,2,0.39,2,0.626,3
9835.21,219,0,155.27,179.74,46.17,10,4,3,0.739,5,0.259,0
5052.07,15,4,245.61,208.51,49.01,1,3,11,0.806,2,0.408,13
126.08,24,0,108.81,122.87,28.39,4,2,12,0.369,0,1.656,131
3143.5,363,0,207.34,206.86,53.13,15,4,11,0.761,5,1.466,1
4201.19,33,0,235.11,258.51,46.05,15,15,5,0.69,3,0.995,32
1262.65,271,0,194.48,155.88,47.27,5,8,3,0.282,2,1.419,64
5126.55,293,0,120.55,133.24,36.33,19,13,3,0.797,0,1.598,0
9071.95,250,0,150.72,144.08,35.18,13,3,4,0.537,2,0.884,4
8023.54,83,0,226.43,183.61,58.65,15,8,2,0.878,2,1.533,4
2815.21,119,1,262.21,219.89,29.68,0,7,3,0.341,2,0.241,76
2263.51,333,1,114.44,132.89,54.09,8,12,13,0.372,4,1.692,0
2677.77,49,0,297.65,268.16,28.81,11,0,4,0.175,4,0.162,87
8685.52,215,3,107.54,115.91,23.29,11,13,14,0.21,2,1.796,10
6313.08,275,1,291.88,312.48,25.27,3,5,11,0.49,5,0.599,0
2715.69,346,1,251.88,265.39,22.84,17,0,12,0.478,1,1.824,1
4504.65,108,0,158.83,165.87,31.23,16,12,12,0.104,5,0.194,12
8333.17,352,0,340.78,350.6,40.51,10,5,13,0.322,4,0.641,0
8798.63,182,2,248.06,268.13,59.71,12,14,13,0.232,3,1.487,6
8822.59,108,0,192.81,217.78,58.2,4,7,8,0.609,5,0.589,0
6865.9,323,0,236.87,224.46,24.84,7,3,0,0.157,1,0.71,21
7498.51,257,0,303.6,286.83,43.75,9,13,1,0.211,0,1.264,5
1205.58,1,0,348.71,417.23,52.8,8,13,11,0.336,0,0.26,96
3993.69,356,0,267.59,250.81,49.17,5,11,4,0.654,1,0.867,18
8617.42,29,0,339.51,383.3,54.3,14,8,14,0.179,2,1.206,0
3711.72,312,0,217.89,220.14,40.47,4,6,3,0.136,0,0.757,64
3406.04,125,0,130.38,148.48,41.24,15,3,7,0.89,0,0.3,70
1673.6,324,0,393.24,398.26,25.43,13,5,10,0.41,1,0.851,27
4878.51,121,0,386.78,357.99,55.54,3,1,11,0.536,4,0.648,38
9611.35,108,4,332.06,395.83,39.12,12,1,12,0.71,2,1.693,5
7090.14,249,0,202.73,184.1,58.66,6,3,2,0.232,4,0.944,12
6262.34,138,0,334.72,366.12,32.02,18,4,6,0.416,3,1.72,2
1323.72,90,2,316.64,320.87,54.8,20,5,10,0.539,4,1.609,9
2757.68,45,0,390.88,461.1,40.52,11,11,3,0.791,1,1.034,73
4412.24,202,2,208.68,227.52,55.78,17,11,2,0.582,3,1.633,4
4764.83,328,0,100.95,106.61,31.94,7,2,14,0.807,2,0.159,18
9292.57,213,1,307.76,262.76,31.98,15,11,1,0.367,2,0.5,3
9574.48,302,5,160.2,191.89,23.59,6,2,0,0.373,4,1.507,2
7689.23,127,1,365.33,394.56,24.18,8,1,13,0.324,3,0.874,0
660.1,354,0,289.63,298.55,47.91,12,12,2,0.518,1,0.246,57
7070.86,187,0,313.03,333.93,28.44,1,6,2,0.743,5,0.389,7
2661.68,117,0,242.93,216.31,45.62,20,12,4,0.272,2,1.331,28
5858.65,53,0,304.79,273.32,48.56,19,4,7,0.332,5,1.088,22
1428.76,263,0,249.01,227.52,25.35,1,14,10,0.317,0,0.703,63
468.52,95,0,368.72,381.0,38.68,5,4,11,0.693,4,1.869,64
8267.15,106,0,352.81,326.47,51.56,14,2,12,0.438,5,0.817,0
3876.49,216,1,101.31,87.81,48.52,12,4,0,0.323,2,1.906,37
7025.41,93,0,242.62,255.66,59.98,16,4,5,0.865,3,1.745,0
6344.24,226,0,115.71,128.09,36.66,12,3,14,0.676,0,1.349,5
4722.82,99,0,282.33,259.21,25.46,6,3,1,0.69,5,1.325,54
1992.15,355,0,112.9,120.44,52.93,9,4,11,0.18,1,0.128,48
3790.94,279,1,312.81,368.98,21.26,2,14,5,0.525,5,0.607,3
416.57,345,0,193.56,214.77,50.92,7,11,9,0.786,5,0.132,31
7701.58,221,0,154.52,150.54,33.28,0,6,9,0.279,0,0.806,27
8470.61,159,2,334.96,372.53,38.32,3,7,2,0.668,4,0.569,0
4840.77,78,0,301.49,311.41,59.61,4,7,15,0.621,2,1.929,22
2253.81,198,0,286.72,318.99,43.13,10,12,4,0.522,3,0.838,31
6741.3,320,0,375.25,343.8,38.8,14,14,8,0.652,1,0.38,0
9579.34,225,0,250.18,268.16,23.05,5,13,5,0.709,5,1.138,0
4328.16,221,0,359.19,356.51,55.91,11,0,0,0.885,4,1.102,31
1088.93,67,3,398.45,432.19,59.25,11,10,4,0.45,2,0.435,30
2139.57,153,0,348.82,381.2,34.2,16,10,10,0.517,1,1.937,33
7730.89,93,0,299.98,259.51,42.6,11,8,4,0.107,4,0.816,15
5519.9,254,0,166.62,154.74,53.92,7,15,10,0.303,2,0.155,19
1185.03,264,0,397.03,469.26,39.79,6,0,2,0.414,4,0.162,70
577.03,358,0,207.14,230.96,30.04,19,4,10,0.432,0,0.557,47
2208.53,104,0,386.9,332.45,47.18,8,12,3,0.565,2,1.17,51
4275.02,75,1,184.75,173.89,55.76,6,9,7,0.421,5,1.583,20
2046.8,220,0,188.71,195.79,21.31,13,8,10,0.155,2,1.063,29
4094.12,279,1,114.29,124.66,50.96,9,3,2,0.513,0,1.124,29
375.71,253,0,259.61,269.0,22.45,5,4,8,0.878,5,0.119,53
4374.82,178,0,157.34,145.38,49.27,3,14,8,0.779,1,0.676,40
8167.79,205,0,201.09,241.27,36.23,15,7,5,0.415,4,0.384,0
3806.9,286,1,106.2,96.39,40.7,16,10,15,0.134,0,0.787,1
1299.41,356,0,254.16,255.06,34.77,8,14,7,0.227,2,1.627,28
1220.3,166,2,203.38,165.22,22.08,8,12,5,0.368,3,0.399,41
6710.55,108,3,248.88,236.98,26.52,3,1,0,0.12,3,0.336,20
7975.47,288,4,231.3,206.78,48.19,18,5,8,0.527,2,0.916,0
1184.92,239,1,265.81,254.81,25.27,9,8,3,0.642,3,0.651,34
8714.14,312,1,175.14,183.89,42.87,15,6,2,0.602,3,1.381,0
2876.33,330,0,223.5,262.38,37.22,13,4,5,0.298,0,0.643,44
4327.67,18,0,121.63,107.3,35.26,0,12,3,0.637,5,1.584,54
9903.62,279,0,229.61,273.72,22.7,9,0,1,0.877,4,1.96,6
5554.95,81,1,226.82,212.89,35.9,2,9,1,0.486,1,0.646,53
6036.37,294,0,377.66,312.45,37.21,19,11,2,0.599,1,0.608,0
151.11,322,0,269.1,263.79,46.88,5,8,10,0.317,3,0.104,74
2130.85,47,0,331.69,348.3,34.94,12,11,0,0.112,3,1.879,58
5419.9,82,3,219.71,249.57,27.54,5,15,5,0.182,1,1.511,3
843.01,270,1,253.82,247.56,59.85,16,10,8,0.637,1,1.457,20
913.91,244,2,321.62,259.06,29.94,13,4,10,0.298,2,0.972,34
6728.72,337,0,199.91,230.69,35.33,3,10,14,0.535,5,0.855,7
5136.11,90,0,120.54,114.32,56.83,5,10,8,0.367,3,0.8,44
7873.87,340,0,362.12,382.1,53.35,7,3,1,0.619,4,1.59,3
4193.9,62,0,233.18,188.58,32.04,6,12,10,0.493,3,0.499,54
114.92,120,0,147.85,127.77,22.82,9,11,4,0.697,2,1.647,71
6851.34,290,1,102.39,119.78,37.73,9,6,8,0.386,1,1.674,0
9137.88,351,1,289.66,275.01,30.86,15,0,0,0.182,0,0.248,5
8288.71,38,0,357.65,382.96,53.52,15,2,13,0.451,5,0.662,0
7219.29,111,0,149.59,119.79,48.75,5,11,1,0.337,5,0.259,18
191.29,234,1,364.5,309.31,45.39,18,3,1,0.515,3,0.691,43
2676.01,117,0,387.96,406.01,42.28,14,0,13,0.797,2,1.423,38
7021.46,353,0,361.16,380.14,41.3,12,15,0,0.497,4,0.741,2
2062.52,324,1,303.67,336.83,58.06,0,0,13,0.734,0,1.379,28
4081.19,28,0,306.59,276.33,20.4,8,7,7,0.769,0,1.761,62
2855.09,198,0,155.03,177.05,55.3,2,10,4,0.428,0,1.627,63
9017.74,47,0,112.6,111.66,27.27,7,3,14,0.153,0,1.965,25
9892.18,19,5,267.72,248.57,28.8,13,15,7,0.155,5,0.812,0
3694.82,330,0,312.63,251.15,28.71,16,8,11,0.606,1,1.568,0
7665.15,249,0,256.32,240.96,47.1,19,0,2,0.637,3,1.51,0
1698.81,264,0,217.23,187.57,30.33,2,4,15,0.719,1,1.2,48
4739.21,268,1,215.86,223.51,27.41,12,10,1,0.44,3,1.476,1
7457.53,335,0,308.85,294.37,52.87,17,13,15,0.445,5,1.415,0
6363.74,128,0,347.78,342.64,31.14,3,6,5,0.151,4,1.648,20
7780.25,278,4,336.01,372.79,49.91,0,11,7,0.125,5,0.164,0
5573.37,119,2,335.13,325.61,28.04,7,14,12,0.449,4,1.668,2
8448.71,330,1,312.05,370.38,53.07,11,10,12,0.699,4,1.73,0
1300.81,186,1,221.8,178.66,23.21,20,2,5,0.112,5,1.842,29
7061.59,355,0,351.14,367.92,42.54,15,4,4,0.422,2,1.204,8
3892.3,275,0,360.52,343.09,34.86,4,14,10,0.475,4,1.964,0
6495.09,112,0,381.98,382.59,57.97,17,10,6,0.791,2,0.418,9
6971.36,181,0,146.86,154.85,43.97,14,7,11,0.134,1,1.369,5
8373.67,141,0,305.62,247.55,26.86,14,11,7,0.742,5,1.829,2
8816.16,321,0,183.1,213.96,43.33,7,11,7,0.575,3,0.16,0
4233.35,208,0,364.29,420.09,46.36,6,15,12,0.881,2,1.501,4
9972.38,211,0,307.36,320.03,44.76,14,14,4,0.15,3,0.76,0
4353.94,267,1,355.76,418.09,23.4,10,1,1,0.433,1,0.536,19
1009.78,51,0,258.96,309.23,26.64,7,7,11,0.323,2,0.72,84
2993.83,349,0,347.99,329.28,34.15,12,15,3,0.268,5,1.807,4
1559.81,191,0,251.65,215.83,44.96,15,11,13,0.8,0,0.973,48
3064.63,312,1,184.58,174.52,27.63,15,1,2,0.893,0,1.738,20
8401.08,336,1,382.13,308.12,40.91,12,15,8,0.494,3,1.405,0
6580.83,248,2,222.04,206.79,38.16,7,12,12,0.861,4,1.069,0
8696.06,309,0,265.8,252.21,46.47,5,14,5,0.784,4,0.629,8
2187.1,236,0,370.96,386.37,43.06,7,13,8,0.729,2,1.884,14
7294.64,348,1,152.54,163.08,28.82,20,9,3,0.3,5,1.528,3
6234.78,113,0,212.96,190.13,30.61,0,14,12,0.175,1,0.55,42
7858.13,268,0,239.89,264.89,26.18,1,5,1,0.51,5,1.999,0
7694.49,220,1,242.71,259.64,50.52,15,6,0,0.508,3,1.373,7
1234.01,179,0,355.89,416.88,59.86,11,2,10,0.459,0,0.738,73
4656.83,236,0,282.5,257.75,26.94,0,10,7,0.26,2,1.526,34
2369.33,220,2,350.52,410.44,34.64,5,4,12,0.761,5,0.266,0
2828.01,138,0,199.66,183.19,21.66,6,11,10,0.589,2,0.465,60
5996.28,243,1,183.24,167.23,58.53,19,9,15,0.534,3,1.283,0
9901.09,185,0,142.68,132.01,53.98,9,1,15,0.768,3,0.453,3
618.08,136,0,313.04,284.61,33.66,12,8,14,0.501,1,0.11,77
600.96,72,1,326.16,336.32,56.17,4,2,9,0.853,0,0.113,98
4111.97,161,2,207.03,228.35,31.8,15,6,15,0.317,0,1.486,0
9402.21,148,0,349.28,296.18,49.4,0,3,5,0.646,1,0.67,16
1644.06,69,2,203.19,222.12,46.35,17,4,11,0.798,2,0.881,45
5605.8,179,0,347.97,389.86,24.18,12,4,6,0.389,2,1.963,18
324.43,29,2,166.92,191.83,51.58,7,14,15,0.851,5,0.905,32
7935.71,102,3,229.37,215.38,22.01,19,8,11,0.519,5,0.53,0
5776.32,181,2,323.55,268.74,55.84,15,7,13,0.745,0,1.159,3
1560.36,165,0,244.64,278.0,28.85,14,7,12,0.561,4,0.831,33
9325.55,5,0,122.97,119.07,44.07,14,4,9,0.426,5,1.343,0
6192.39,272,2,353.46,314.43,29.57,14,2,14,0.851,3,1.417,0
6813.53,121,1,344.4,359.81,34.94,10,1,0,0.455,3,0.885,19
6758.23,238,0,266.9,216.63,56.29,3,12,9,0.235,4,1.449,0
9686.75,158,3,166.13,191.8,57.37,18,6,9,0.353,2,0.274,0
3148.26,196,1,219.47,214.54,55.74,4,13,5,0.855,4,0.919,18
2511.69,145,0,264.24,240.39,56.06,5,15,7,0.131,2,1.674,51
7128.46,95,3,218.55,238.51,33.83,5,2,5,0.206,5,1.588,0
6595.06,224,0,191.35,168.24,22.63,14,4,14,0.498,5,1.575,0
1305.01,247,0,327.18,379.27,23.37,8,8,13,0.228,1,0.246,58
9482.52,208,0,360.52,422.02,36.79,10,15,0,0.108,2,0.154,0
5832.52,261,1,194.11,174.54,47.91,12,3,6,0.105,1,0.623,10
9042.43,62,0,227.84,258.13,52.23,16,7,3,0.754,4,0.271,4
1932.49,117,0,361.21,301.03,28.45,9,6,12,0.797,4,0.94,36
5299.41,274,0,162.58,149.34,56.43,19,8,5,0.377,1,0.876,0
6796.97,355,0,201.26,225.64,29.86,3,5,3,0.817,3,0.332,1
8751.18,334,1,301.93,341.1,35.88,19,6,13,0.528,5,1.375,0
2706.44,289,0,233.36,233.79,24.69,9,13,14,0.628,0,1.063,18
4464.42,193,0,269.27,307.03,28.06,20,14,10,0.323,2,1.157,7
7795.17,305,0,241.29,240.54,27.8,14,11,4,0.712,1,1.245,0
2878.31,305,0,354.07,329.19,47.06,16,5,1,0.713,1,1.193,22
4290.62,165,0,105.52,104.0,57.72,0,12,7,0.698,1,0.577,44
1220.07,241,0,320.25,299.92,39.14,1,11,7,0.201,1,0.126,86
815.99,225,1,244.81,271.98,46.91,3,7,5,0.337,0,1.934,75
5002.79,109,0,280.27,262.44,56.69,11,5,7,0.781,4,0.657,41
5254.7,335,5,281.64,260.0,53.5,19,1,5,0.337,4,0.617,3
6337.12,230,0,318.63,296.14,46.6,13,12,6,0.201,3,1.856,0
4606.7,43,0,131.03,125.9,49.16,13,14,10,0.1,2,0.778,49
9576.32,290,2,265.93,299.15,35.36,1,12,4,0.411,0,0.841,0
4800.47,342,0,348.92,415.46,36.19,15,2,3,0.566,0,0.708,4
4890.36,339,0,194.57,166.03,45.3,2,4,10,0.196,3,1.431,13
7534.72,259,0,398.41,333.47,51.21,12,11,8,0.328,3,1.035,0
2260.33,199,3,132.41,131.27,43.42,8,3,7,0.146,2,1.213,28
5443.45,266,0,346.02,282.57,39.93,5,13,3,0.346,1,0.392,27
1356.88,262,0,239.85,210.11,48.07,13,11,10,0.853,4,0.14,28
3157.73,268,1,310.63,289.68,47.03,10,15,0,0.641,1,0.883,17
9693.22,25,1,240.02,199.38,26.64,2,13,11,0.898,5,0.774,0
4007.04,78,0,395.74,316.62,44.56,20,15,5,0.619,5,0.965,8
1353.55,168,0,178.74,180.55,24.45,19,0,0,0.23,3,0.409,81
7343.66,217,0,112.59,106.45,23.94,7,12,7,0.742,1,1.107,4
1483.6,155,0,143.04,123.1,37.31,3,4,0,0.519,5,1.535,84
5866.24,131,0,194.5,217.18,56.63,3,1,9,0.322,4,0.336,52
402.86,85,0,226.8,271.76,20.42,9,0,9,0.748,5,1.274,77
3418.47,245,0,344.32,314.06,25.29,14,1,3,0.119,3,0.204,50
3832.15,185,0,114.51,129.19,53.05,17,3,0,0.503,5,0.515,38
9353.78,24,0,104.37,93.82,54.65,6,11,15,0.276,0,1.186,17
5234.01,329,0,212.14,222.78,20.49,2,2,9,0.262,2,0.197,37
3977.93,76,3,365.07,331.57,27.77,14,3,2,0.15,4,1.151,7
2018.42,333,3,114.61,96.18,21.76,8,5,7,0.52,3,0.187,0
9459.71,109,0,235.47,276.62,59.36,13,15,13,0.297,0,0.212,5
469.73,189,0,266.42,221.32,20.17,18,7,10,0.713,0,0.889,67
240.05,67,0,129.53,153.19,43.97,15,7,15,0.192,4,0.55,79
5469.29,174,2,121.82,111.13,34.0,10,2,2,0.36,1,1.761,18
8306.23,215,0,222.9,265.54,27.24,18,1,11,0.685,3,1.49,1
679.73,125,0,307.62,263.32,36.63,15,5,12,0.595,3,1.993,42
1352.17,172,0,147.62,174.15,55.18,7,4,8,0.427,5,0.775,64
4183.9,157,3,204.96,183.95,46.24,6,6,10,0.556,1,0.231,22
8274.99,169,0,112.99,122.0,33.22,20,12,8,0.737,1,1.075,0
3173.05,245,0,279.79,281.32,31.53,17,8,5,0.826,4,1.496,0
239.46,141,0,138.58,142.67,22.44,18,1,15,0.54,4,0.338,70
2755.37,125,0,367.2,381.44,52.41,18,8,15,0.337,0,1.187,29
1807.85,335,0,174.06,160.58,42.21,5,4,9,0.154,0,0.255,63
2832.84,243,0,281.45,268.78,54.54,12,8,9,0.846,2,1.159,24
7070.15,260,0,298.91,320.32,57.27,9,12,9,0.267,0,1.772,0
2206.51,297,2,250.02,267.51,29.56,8,3,6,0.35,3,0.498,25
9765.61,340,3,191.02,212.55,50.63,17,3,11,0.144,4,1.376,2
2068.18,69,0,144.17,127.25,32.53,4,2,5,0.424,2,1.094,108
9215.13,215,1,338.52,314.65,50.61,13,0,2,0.865,5,0.745,0
1090.14,71,0,279.99,278.38,41.84,12,12,6,0.786,1,0.62,74
9118.19,214,2,198.45,163.03,46.77,10,9,14,0.196,1,0.221,0
6826.53,358,1,343.58,404.84,32.52,6,8,12,0.664,5,0.579,0
8730.43,245,0,357.9,423.68,28.71,6,11,6,0.235,2,1.386,0
5778.28,186,0,238.27,269.6,53.18,19,14,13,0.422,5,1.375,8
6970.24,94,2,317.61,268.39,36.31,13,1,14,0.157,2,1.39,0
2487.92,46,2,139.69,166.37,43.31,19,0,12,0.881,5,0.586,24
5275.64,348,0,232.2,267.49,40.22,5,13,7,0.417,1,0.239,13
4151.46,84,0,345.29,399.85,54.13,16,10,0,0.321,1,1.869,47
6607.99,349,0,398.72,388.4,56.83,15,2,8,0.557,0,0.896,0
1203.64,365,2,316.84,282.85,48.22,3,3,12,0.379,2,1.514,18
7110.01,105,0,110.68,132.56,29.31,17,9,7,0.131,4,0.254,18
6865.14,188,0,358.43,410.91,20.4,1,9,3,0.891,1,1.975,1
7545.69,192,2,219.59,251.47,30.68,13,8,10,0.361,1,0.546,0
8275.24,327,0,172.35,153.98,22.73,18,5,14,0.149,3,0.893,5
3768.67,21,4,342.36,374.87,41.48,0,14,13,0.148,1,0.666,2
7831.61,277,1,185.08,172.22,20.83,17,12,0,0.757,4,0.325,0
1718.77,218,1,141.7,138.3,39.31,15,11,0,0.769,2,0.127,39
8784.16,205,0,147.96,159.28,26.7,16,4,11,0.737,0,1.327,12
1557.73,57,0,213.21,205.83,21.59,12,6,14,0.863,1,1.496,69
1158.23,68,0,329.05,277.55,59.25,15,13,12,0.374,2,0.465,69
1460.21,168,0,323.72,365.92,47.86,10,6,8,0.368,5,1.376,42
8248.07,157,1,214.64,183.07,27.87,14,9,2,0.614,0,1.1,3
7593.11,283,0,240.71,269.69,27.21,3,1,6,0.43,0,1.399,16
6098.13,116,0,124.17,106.65,31.92,16,7,4,0.779,0,0.567,32
8123.26,323,2,148.51,176.18,28.23,10,4,4,0.455,4,1.153,0
1662.29,100,0,160.38,185.41,24.6,3,1,10,0.69,2,0.204,99
3140.44,154,0,168.09,184.49,56.77,13,11,0,0.456,4,0.462,46
2992.32,75,1,202.55,197.18,53.94,2,7,3,0.733,5,1.284,52
7416.27,188,1,233.79,188.9,22.5,15,9,7,0.699,3,1.276,10
2191.26,153,0,187.57,206.23,39.3,2,3,3,0.672,2,1.265,81
8056.02,48,2,257.51,278.87,30.09,1,11,9,0.509,3,0.202,0
3336.61,336,1,265.2,228.4,49.12,2,6,11,0.661,3,0.895,6
3094.13,43,0,120.53,139.69,24.78,11,3,10,0.591,4,0.848,68
3400.04,154,2,125.28,118.07,47.22,14,15,2,0.232,4,1.117,0
6353.23,92,0,255.42,280.76,53.46,5,7,9,0.634,2,0.682,40
1928.71,118,0,115.85,126.32,24.85,18,0,11,0.146,1,0.416,78
3797.37,213,2,274.81,233.49,24.86,9,1,5,0.254,2,1.026,19
1363.7,227,0,341.55,298.62,23.4,11,12,13,0.785,1,0.626,37
5581.71,305,0,368.02,351.51,31.52,5,5,5,0.79,5,0.739,8
4850.18,265,0,201.18,175.4,31.25,6,7,0,0.443,3,0.302,38
8374.73,303,0,176.61,199.78,35.12,9,9,8,0.195,1,0.864,0
7190.76,231,3,175.27,147.26,35.73,19,2,2,0.562,5,1.342,0
3501.99,71,0,210.04,176.39,50.66,10,1,9,0.552,0,1.242,72
6307.7,228,0,160.44,145.37,26.79,11,7,1,0.145,1,1.834,24
6103.63,181,0,202.98,231.57,42.37,11,1,10,0.695,1,0.816,23
6831.14,281,2,203.76,165.88,49.85,8,15,14,0.804,4,0.465,0
7192.34,168,0,192.91,169.9,56.35,7,11,15,0.338,3,1.537,0
6166.22,150,0,240.57,206.69,59.39,7,12,6,0.862,5,1.561,0
4255.06,335,1,195.37,156.98,35.29,15,0,11,0.504,4,1.835,5
1336.96,365,0,233.58,232.47,52.52,10,9,5,0.32,0,0.509,50
6274.68,100,2,161.44,180.68,49.54,4,12,2,0.294,1,0.679,25
4345.31,60,2,322.26,327.75,46.14,1,8,13,0.415,0,0.353,35
2425.44,27,0,117.54,108.13,38.97,6,15,9,0.195,2,0.209,86
1517.43,48,0,338.7,281.46,31.29,3,6,6,0.106,5,0.173,103
3682.5,167,0,254.35,290.65,38.68,15,8,14,0.674,2,0.968,9
9667.06,213,0,359.09,430.45,37.07,11,6,4,0.434,3,0.488,0
8264.65,83,0,391.55,393.53,31.64,17,4,12,0.621,4,0.466,0
7800.48,364,0,102.86,85.39,35.03,1,4,6,0.89,1,0.726,0
524.82,9,1,395.11,324.02,23.87,16,6,13,0.247,4,0.251,61
9358.26,170,0,335.05,269.45,50.48,0,13,12,0.734,3,1.006,0
3892.09,261,2,335.56,333.87,57.81,15,7,13,0.507,3,1.14,0
4722.48,197,3,347.09,376.11,43.51,9,4,2,0.166,2,1.487,2
3577.55,54,0,134.61,154.51,38.89,15,6,5,0.368,4,0.76,59
9376.4,117,0,388.22,394.05,20.57,14,1,14,0.651,2,1.493,6
9954.22,245,0,260.0,250.18,26.77,5,8,4,0.146,3,1.246,1
6949.7,145,0,300.4,256.34,54.07,10,2,6,0.408,3,0.555,21
323.89,187,1,272.95,255.7,52.4,0,4,0,0.7,1,0.596,83
9669.69,26,1,296.3,340.46,29.77,7,5,14,0.674,3,0.276,2
4579.0,200,0,390.02,461.49,29.91,3,6,3,0.358,3,0.71,50
2734.75,165,0,346.53,296.48,49.89,11,9,4,0.669,1,0.688,59
9749.04,145,1,256.75,271.23,51.45,6,13,8,0.673,3,0.824,0
4920.92,44,1,163.29,185.6,21.21,17,4,1,0.348,2,0.354,51
9533.07,66,0,245.06,217.63,30.16,1,3,9,0.332,0,0.615,43
73.92,204,0,217.28,258.68,58.19,2,3,8,0.343,5,0.781,89
2677.92,295,0,323.98,260.82,45.78,3,7,0,0.149,0,1.987,58
1760.25,21,0,343.49,315.17,37.85,4,3,6,0.89,0,0.298,110
5689.83,12,2,146.91,161.71,42.73,12,2,2,0.309,1,1.201,42
6317.22,161,0,108.12,105.93,31.86,5,8,14,0.503,0,0.2,37
4461.7,198,0,236.52,204.69,32.16,13,5,5,0.746,5,1.294,8
4995.48,48,0,237.51,240.24,21.38,5,5,4,0.793,2,0.656,65
5454.28,169,0,399.71,355.0,24.13,5,2,1,0.802,5,1.367,21
4356.72,230,1,287.82,238.92,24.5,6,9,14,0.308,5,0.835,0
8211.42,52,1,313.11,264.57,49.44,18,6,3,0.471,4,1.868,3
9744.39,45,0,127.53,136.76,55.17,2,2,14,0.304,0,1.832,25
4391.31,190,0,347.92,375.96,38.37,4,8,1,0.471,5,1.864,10
5253.18,48,0,374.16,446.16,46.47,20,12,9,0.672,3,0.208,14
3430.52,270,0,111.94,116.31,54.79,12,7,15,0.467,4,1.752,0
5727.61,357,1,363.14,325.83,42.02,5,4,7,0.829,4,1.544,8
487.66,57,0,289.56,292.7,43.3,9,12,5,0.249,3,0.46,98
3965.91,92,0,114.7,118.04,52.78,0,8,8,0.327,2,0.621,73
266.08,304,0,274.23,300.74,47.01,6,9,3,0.327,1,0.347,73
9627.33,329,0,202.99,189.07,44.09,5,4,1,0.157,1,1.685,2
562.14,292,0,385.09,354.28,20.77,0,4,3,0.863,0,0.416,77
2353.83,300,2,163.51,140.25,50.36,3,15,7,0.217,0,0.581,23
8950.77,270,0,278.11,306.45,32.38,10,4,2,0.232,2,0.655,0
5645.94,314,0,177.69,204.61,27.87,15,14,1,0.826,3,1.137,0
6839.75,287,0,190.48,166.73,32.15,3,8,6,0.184,1,1.075,13
4523.67,108,0,129.28,112.05,56.95,20,1,1,0.2,1,1.121,56
6771.24,299,0,179.83,146.67,38.22,15,11,14,0.212,5,0.749,9
2262.77,1,0,334.21,389.05,35.31,11,12,6,0.274,3,0.69,67
7621.3,105,0,382.15,451.37,29.57,16,0,3,0.154,0,0.616,30
7913.63,334,0,288.03,247.25,52.92,15,10,13,0.884,1,1.232,0
1074.51,361,2,180.89,204.02,59.97,5,12,3,0.431,0,1.934,14
7951.1,68,4,389.31,336.94,31.98,17,11,12,0.753,0,0.595,4
925.29,61,0,254.37,275.63,56.24,2,6,6,0.325,4,0.373,112
7865.06,351,0,352.88,345.25,48.34,10,14,8,0.702,5,0.234,4
3615.4,54,0,110.32,116.28,54.36,5,10,11,0.576,1,1.646,52
9102.17,145,0,128.07,103.31,54.94,17,10,14,0.238,5,1.061,4
1625.11,328,0,315.21,335.93,33.74,7,2,6,0.856,1,0.927,36
7505.44,187,1,232.81,254.43,29.32,6,9,15,0.269,4,0.936,0
693.08,176,0,177.49,203.55,46.77,0,10,1,0.263,5,1.832,73
4415.04,240,0,375.03,420.15,38.05,17,10,8,0.494,1,0.255,18
2177.25,185,2,200.62,236.92,41.32,2,13,5,0.819,1,1.867,14
3023.96,8,0,221.9,259.76,48.42,1,2,5,0.406,1,1.971,101
6664.07,191,0,132.84,157.6,26.99,4,2,10,0.332,3,1.576,23
8924.69,332,0,107.4,103.4,28.83,3,10,6,0.74,4,0.554,7
2812.85,315,0,377.52,357.3,24.15,18,1,7,0.106,5,1.73,5
6501.13,255,0,113.46,119.02,32.36,8,5,6,0.207,0,0.861,27
9471.53,197,0,111.13,92.49,46.89,7,9,3,0.272,3,0.512,2
1478.52,84,3,114.96,98.86,41.5,0,6,13,0.42,2,1.925,37
445.88,342,0,310.41,250.11,21.98,4,4,9,0.111,4,1.816,54
6673.32,24,0,329.54,327.61,25.98,0,0,2,0.788,2,1.265,60
1572.04,290,0,121.87,128.05,30.13,14,5,2,0.598,3,1.054,51
1324.71,211,0,126.84,122.68,54.13,6,8,13,0.834,5,0.599,37
8747.66,136,0,104.78,109.65,58.43,17,14,3,0.177,4,0.548,3
1268.02,262,0,113.35,103.79,38.05,17,12,6,0.783,0,0.25,47
1916.71,278,0,385.08,390.58,35.77,18,4,6,0.373,1,1.032,37
4035.2,188,1,375.33,436.64,44.18,1,3,8,0.185,1,1.569,40
1062.66,217,0,234.21,207.08,47.58,2,9,15,0.541,3,0.667,51
2781.12,287,0,237.33,261.97,28.24,20,12,5,0.435,5,0.644,6
7227.69,100,0,322.6,264.82,54.1,13,9,5,0.247,1,0.915,22
2675.27,231,0,137.07,116.44,43.33,19,1,13,0.316,1,1.038,36
4535.73,327,0,301.62,247.57,24.55,2,10,14,0.77,0,1.595,0
1512.64,100,0,364.05,319.63,32.54,19,14,3,0.428,1,0.313,59
8494.64,330,0,394.33,432.24,24.72,17,6,13,0.51,5,0.867,0
7247.87,74,0,323.01,351.86,25.44,20,11,3,0.341,1,1.487,2
8887.47,333,0,161.42,165.71,45.98,17,0,7,0.601,0,1.689,15
5615.95,99,0,199.5,217.3,40.31,6,13,11,0.412,5,1.625,12
7880.35,343,0,143.69,155.04,45.71,1,7,14,0.102,5,0.396,3
2093.06,155,0,100.38,116.2,40.87,9,2,3,0.858,3,1.019,65
3155.53,219,0,248.95,211.44,36.04,3,4,0,0.743,5,1.088,46
7805.73,6,1,157.11,148.74,24.23,13,4,1,0.865,1,1.583,17
3902.39,6,0,101.19,101.24,35.35,19,2,15,0.383,2,0.842,51
2210.72,57,0,224.55,194.83,27.5,19,13,11,0.545,2,0.134,56
4003.3,146,0,299.05,339.27,28.62,9,2,13,0.516,4,1.952,17
9814.21,106,0,369.85,435.08,46.83,14,1,12,0.54,1,1.927,6
7750.82,245,0,353.1,310.02,53.07,18,15,10,0.15,3,0.494,5
4321.16,56,0,190.88,209.56,58.58,14,4,5,0.794,0,0.658,68
6720.53,151,0,105.31,113.87,20.87,2,0,13,0.406,5,1.057,26
8886.42,365,0,180.83,164.74,57.34,12,4,9,0.618,1,1.402,1
7077.53,140,0,207.83,173.03,27.73,16,8,2,0.646,1,0.2,24
2431.25,311,0,156.98,154.51,31.45,2,12,3,0.621,2,1.631,48
8252.49,134,0,394.0,409.17,48.39,6,11,6,0.13,1,0.949,10
9196.35,332,0,119.47,117.83,29.61,12,14,12,0.306,3,0.778,0
1642.7,32,1,299.2,279.86,57.42,15,13,10,0.521,4,1.205,40
8920.59,326,0,267.18,293.11,31.19,17,5,13,0.619,3,1.525,6
6934.01,297,0,268.43,305.91,37.75,9,12,0,0.539,5,0.487,0
3145.88,180,0,324.43,286.57,28.21,16,14,8,0.349,3,1.572,18
7352.51,223,0,366.23,313.1,33.45,4,1,15,0.713,5,1.223,1
8816.35,331,0,285.36,304.29,35.15,15,5,13,0.671,2,1.348,0
1982.06,292,0,390.64,388.18,22.54,11,1,1,0.897,0,0.162,73
624.8,188,0,112.32,105.46,30.61,11,13,0,0.859,2,1.642,55
553.6,107,0,178.42,210.29,49.05,9,10,5,0.737,0,1.457,85
1170.64,203,0,277.75,275.8,44.9,18,14,5,0.19,1,1.036,55
8367.3,176,0,119.74,129.61,29.53,16,3,4,0.205,0,0.376,24
6076.86,279,0,125.43,140.86,50.86,12,6,2,0.647,0,1.706,8
7990.82,158,2,289.17,317.76,28.38,10,1,6,0.602,4,1.606,0
8416.15,296,2,377.86,303.66,23.02,6,2,5,0.5,2,0.974,5
6069.73,185,4,267.69,250.17,40.76,8,8,0,0.547,2,0.557,4
3172.89,356,0,102.55,113.26,48.52,16,6,13,0.704,4,1.775,4
5936.49,152,0,302.94,265.37,52.75,20,12,5,0.409,0,1.52,0
1694.22,336,0,312.04,364.47,30.83,7,7,2,0.805,0,1.834,44
8737.95,201,0,223.09,220.48,21.97,12,10,8,0.463,2,0.83,2
2723.15,11,0,376.23,388.51,41.34,19,15,10,0.516,1,0.322,50
1290.65,355,3,192.51,220.96,50.56,12,4,5,0.638,1,1.484,0
5016.99,50,0,257.35,272.98,51.18,0,11,13,0.237,3,0.235,51
3456.57,38,0,345.34,352.15,57.19,8,9,7,0.37,4,0.262,65
7941.35,197,2,180.3,173.85,55.94,9,5,14,0.814,1,0.269,0
8649.95,104,0,171.81,166.17,30.05,5,13,9,0.684,0,1.187,0
7464.52,148,1,199.6,219.12,26.08,0,7,13,0.799,2,0.22,0
1317.1,207,0,175.96,179.85,41.1,13,0,0,0.702,2,0.688,73
5434.84,137,1,165.33,177.04,52.13,9,15,9,0.629,4,1.637,0
2947.01,157,0,101.17,90.13,36.26,13,0,0,0.844,4,0.565,57
4981.99,149,0,139.14,112.01,26.16,15,13,14,0.285,4,1.223,0
8868.41,210,1,110.55,113.87,51.46,7,12,12,0.869,5,1.001,0
6644.51,76,3,101.15,90.55,57.54,0,9,2,0.732,2,1.738,0
4771.1,320,2,230.17,252.96,59.99,4,8,9,0.546,0,1.216,0
9151.67,8,0,184.14,159.08,26.56,1,8,13,0.825,5,1.088,0
6107.32,7,0,133.85,153.66,45.44,11,15,2,0.33,1,0.129,58
1382.83,256,0,250.94,232.46,49.17,9,6,8,0.853,5,1.716,17
5505.45,316,0,137.49,115.85,47.53,14,0,11,0.869,4,0.286,0
1105.43,297,0,260.62,290.69,52.72,8,9,7,0.367,2,0.441,56
997.64,19,1,252.61,207.61,41.42,2,8,5,0.486,1,1.871,95
2341.03,349,0,164.06,175.62,36.2,15,1,12,0.41,3,1.845,16
9041.14,113,0,131.83,140.82,31.55,19,4,1,0.234,1,1.516,0
8374.51,246,0,279.7,231.79,29.07,15,6,0,0.652,2,0.137,0
3270.07,330,1,397.62,418.16,34.81,18,14,9,0.287,3,0.676,0
5780.72,155,0,228.25,249.51,33.45,1,7,10,0.448,1,0.443,45
4856.31,155,0,102.93,85.44,41.43,9,14,10,0.849,3,0.781,8
4605.83,284,3,215.07,214.36,55.85,7,9,9,0.356,5,1.015,0
6805.67,199,0,293.01,265.18,22.09,16,3,0,0.741,0,1.018,23
2005.65,290,0,213.88,235.7,46.89,11,7,5,0.43,3,1.745,31
1721.69,339,2,264.83,281.37,35.29,8,12,15,0.611,5,1.343,0
534.59,76,0,270.8,258.1,50.29,12,9,8,0.794,4,0.109,76
723.89,32,1,140.95,125.65,55.3,15,15,1,0.294,2,0.949,74
6773.01,62,0,252.68,234.39,58.76,11,14,1,0.339,5,1.413,0
9028.29,300,0,241.24,212.19,44.07,5,13,7,0.78,3,0.928,3
7712.43,312,0,252.61,274.95,34.11,8,1,8,0.343,4,0.994,2
1573.72,175,2,340.66,320.05,47.76,13,3,1,0.424,1,1.832,40
387.99,282,0,210.61,226.62,35.49,14,2,14,0.1,3,1.384,43
2487.25,328,1,183.9,161.21,40.17,20,15,8,0.822,2,0.777,1
8167.93,190,2,310.14,297.96,23.05,11,13,3,0.407,3,0.118,8
8087.93,355,0,276.03,270.04,53.44,17,13,11,0.223,3,0.605,0
179.88,305,3,214.92,234.65,20.81,0,0,8,0.458,4,1.102,43
9298.7,278,0,239.07,276.15,38.2,13,0,9,0.829,1,0.639,9
4500.52,338,0,172.69,202.01,40.87,7,11,6,0.599,4,1.057,0
1826.25,62,0,267.01,292.46,33.42,19,14,12,0.487,3,0.163,51
2830.01,265,0,127.28,148.83,47.57,16,14,11,0.348,4,1.688,12
436.61,293,0,390.32,362.46,59.93,9,5,3,0.35,1,1.362,64
7239.89,36,2,222.41,194.95,40.68,11,3,14,0.153,1,1.432,4
1132.7,108,0,260.21,299.71,36.4,0,15,5,0.323,5,0.427,79
5541.26,29,0,245.93,269.4,54.67,8,14,6,0.689,1,1.897,33
1325.74,319,0,113.92,119.57,45.04,5,13,12,0.162,3,1.346,25
8204.69,78,1,255.5,251.59,32.58,4,3,1,0.156,1,1.296,30
6993.13,72,0,287.26,244.98,50.25,12,10,11,0.377,4,1.524,0
9916.86,81,0,250.43,223.75,36.38,3,9,8,0.838,1,0.822,0
5019.36,281,2,133.92,147.71,50.3,15,6,2,0.533,0,0.527,0
7343.1,358,0,133.78,157.01,27.34,6,2,14,0.436,1,0.424,0
2672.1,295,2,334.49,281.44,24.3,16,3,6,0.83,0,1.949,7
9679.7,347,4,357.8,301.98,57.9,17,10,15,0.159,3,0.641,0
8876.08,155,0,283.95,325.84,46.48,14,1,7,0.724,3,1.111,4
1629.03,3,2,374.3,339.16,56.16,9,10,13,0.303,1,1.469,45
4444.8,138,0,345.1,332.51,33.07,4,14,10,0.409,5,0.947,6
7636.03,64,0,271.09,222.68,25.62,0,4,14,0.76,0,1.135,46
2835.07,55,1,316.71,263.25,24.25,0,15,9,0.883,0,1.341,54
8016.19,144,0,182.41,210.7,21.62,19,1,2,0.671,1,1.6,5
312.14,45,0,331.21,299.94,20.22,15,13,1,0.454,0,0.567,95
7028.66,93,1,322.85,343.72,29.45,11,13,14,0.272,0,0.458,14
562.47,316,0,170.22,139.56,30.74,10,15,3,0.417,5,0.765,25
1229.22,116,1,382.19,356.1,21.69,3,15,15,0.888,0,1.545,31
9849.29,172,1,311.8,278.65,30.79,11,3,10,0.78,0,1.49,0
5146.7,1,0,189.42,183.55,31.93,16,6,7,0.522,3,0.577,48
6834.34,53,0,396.13,405.82,47.5,10,14,0,0.816,2,0.644,25
246.97,125,0,268.0,293.61,52.5,16,10,9,0.649,0,0.673,73
6259.84,267,0,221.36,209.28,28.67,3,2,9,0.366,0,1.235,23
2541.47,20,0,306.37,350.98,31.95,16,11,15,0.671,4,0.457,22
6531.37,115,0,210.31,176.71,32.39,14,9,7,0.662,0,0.974,18
230.47,130,0,358.24,287.37,21.41,3,0,13,0.703,0,0.745,107
7079.48,340,1,150.46,170.54,27.8,8,9,2,0.642,2,1.756,0
2570.96,277,0,374.14,354.43,34.94,12,5,0,0.768,2,1.267,28
3341.43,284,0,192.54,155.58,43.3,0,12,3,0.634,1,1.134,41
810.6,108,0,303.6,293.99,58.46,2,12,11,0.847,5,1.417,53
1702.59,95,0,121.77,138.84,28.51,7,14,3,0.505,4,0.338,70
9463.79,259,0,365.12,374.1,27.44,15,4,12,0.118,1,1.258,0
8205.76,41,0,336.09,276.45,34.78,8,9,2,0.867,1,0.774,34
5476.16,140,0,181.67,173.25,53.44,10,0,15,0.494,4,1.599,26
3509.76,297,1,187.72,215.88,50.87,19,9,8,0.233,5,0.972,0
5726.83,227,2,259.21,233.83,47.03,12,3,5,0.559,5,1.361,1
1133.87,288,0,217.78,204.01,53.29,5,11,5,0.175,3,1.13,55
83.55,189,0,379.76,377.95,45.22,0,15,2,0.415,0,1.384,79
7056.59,300,0,319.2,322.0,22.97,5,8,6,0.138,1,1.995,0
3743.06,24,1,191.37,166.57,51.46,0,14,1,0.773,5,1.631,38
6025.11,318,2,352.18,348.36,21.56,15,11,0,0.841,2,0.932,0
1572.36,226,0,304.32,288.84,25.82,17,1,12,0.701,3,0.178,54
5273.2,45,4,300.21,245.43,33.06,12,12,6,0.546,1,0.955,0
2626.93,316,1,292.06,247.65,39.34,19,1,15,0.158,4,1.792,0
5692.81,135,1,325.99,354.2,46.78,8,10,13,0.131,4,0.668,5
314.46,212,0,361.29,338.51,50.79,12,14,13,0.879,1,1.083,25
5778.77,352,3,122.07,100.26,57.5,6,3,2,0.544,2,0.278,3
3117.03,295,1,121.71,140.26,30.27,3,10,14,0.201,2,0.887,20
6895.34,163,0,313.38,263.24,21.34,13,7,3,0.737,2,1.153,9
8407.85,52,0,231.15,210.76,43.27,4,6,10,0.656,1,0.909,34
9855.24,305,0,153.22,129.3,42.68,1,7,5,0.177,2,1.444,6
1796.45,330,0,343.04,286.45,45.35,20,9,10,0.682,5,0.409,0
6741.98,55,1,190.37,187.58,43.98,19,11,12,0.342,0,0.344,14
8893.19,293,0,324.51,293.62,55.27,5,1,3,0.112,4,0.844,0
7133.22,56,4,258.35,288.11,53.62,12,14,6,0.503,4,1.73,2
2298.06,201,0,340.99,395.18,40.73,1,5,7,0.331,3,0.125,67
9447.5,173,0,355.73,355.77,47.16,18,12,11,0.864,1,1.339,0
378.2,23,0,301.16,279.28,35.25,17,11,10,0.117,0,0.889,92
6150.91,224,0,208.75,215.99,44.97,6,12,10,0.553,1,0.824,16
4516.39,349,2,155.27,151.34,35.7,15,15,3,0.431,3,0.168,0
5282.27,174,0,281.71,303.33,35.32,13,8,13,0.289,4,0.228,10
6145.41,306,2,110.0,128.16,24.73,9,8,6,0.732,2,1.042,0
4211.19,182,0,140.91,123.82,22.21,15,9,12,0.56,0,0.701,23
84.51,263,1,324.75,302.51,44.43,14,13,12,0.623,3,0.526,4
3886.32,165,1,128.15,128.79,42.57,12,5,2,0.268,2,1.895,45
8255.31,246,0,312.34,310.21,55.86,5,8,11,0.306,3,0.875,0
3245.54,338,0,340.94,278.77,59.68,15,8,6,0.416,2,1.371,7
6797.26,48,0,304.17,258.09,24.55,19,5,0,0.449,5,0.251,35
9403.97,35,0,131.74,138.51,23.8,19,13,3,0.715,4,1.957,0
1131.36,204,0,207.8,205.75,34.54,9,5,8,0.268,0,0.825,82
1408.69,157,5,336.93,358.96,33.83,18,6,9,0.582,5,1.798,10
8315.74,170,0,363.66,336.74,25.16,3,15,12,0.203,4,1.408,1
6041.31,210,2,394.8,416.44,26.47,10,6,12,0.382,0,1.539,4
2003.4,220,1,234.16,216.34,39.31,12,14,12,0.463,5,1.354,5
1369.82,148,0,194.45,164.65,30.93,15,2,3,0.334,1,0.299,99
957.54,153,0,221.39,182.64,52.84,1,7,14,0.132,0,1.378,97
8430.37,227,0,303.12,336.13,38.93,9,11,4,0.265,2,0.739,0
7451.45,161,1,168.29,169.93,52.24,11,1,2,0.297,4,1.761,11
8510.04,81,0,343.57,348.17,22.11,0,15,9,0.133,2,0.957,7
311.75,75,0,138.19,120.27,58.41,11,14,12,0.719,2,0.739,66
2344.84,85,0,289.53,261.4,57.95,20,4,7,0.112,2,0.552,71
2408.78,74,0,319.82,343.6,53.33,1,11,14,0.526,1,1.024,66
3137.82,16,1,321.64,372.2,37.92,18,0,6,0.684,1,0.536,55
2303.43,220,4,259.69,301.79,23.32,0,3,10,0.746,3,0.839,0
474.16,323,2,388.69,377.48,27.9,20,1,13,0.2,5,1.95,0
2804.63,166,0,348.04,361.26,51.76,20,4,10,0.888,3,0.638,28
2.43,122,3,360.21,321.82,51.13,1,5,4,0.48,3,1.395,47
9638.18,149,0,362.61,350.35,36.11,9,5,13,0.861,1,0.317,0
3054.33,186,0,175.68,178.08,52.95,7,10,15,0.184,2,0.444,42
4022.95,271,0,244.03,243.19,48.88,16,14,13,0.391,2,0.306,8
9866.97,320,1,340.77,338.91,31.94,5,0,7,0.258,2,0.177,0
9361.26,121,0,105.92,90.46,47.81,17,13,9,0.402,4,0.65,0
5772.0,266,0,100.85,118.24,24.44,9,4,9,0.304,0,0.211,29
1740.1,311,2,369.44,403.66,34.68,15,2,9,0.883,4,1.493,0
8712.77,33,0,369.34,347.16,42.05,9,10,10,0.709,2,1.098,0
7969.48,92,0,232.83,209.85,56.37,3,5,1,0.104,1,1.387,40
244.27,317,0,300.82,266.67,43.63,2,3,6,0.837,3,1.461,56
9960.89,303,0,394.31,412.24,51.74,11,15,14,0.754,1,1.349,0
3650.94,303,1,118.82,133.81,39.79,9,12,8,0.619,1,1.068,0
264.47,264,0,316.88,356.22,51.87,11,12,9,0.638,3,1.07,22
9694.39,49,1,127.99,129.06,53.46,2,12,7,0.659,1,1.674,0
7086.77,46,0,275.86,305.02,59.73,15,14,2,0.507,1,1.973,5
6399.56,313,0,218.72,201.11,54.68,11,14,10,0.184,0,1.423,0
650.01,338,0,311.28,318.58,56.14,14,13,13,0.596,5,0.341,0
5662.96,188,0,382.29,380.21,38.5,10,15,11,0.2,1,1.939,3
328.25,326,0,230.89,273.59,53.37,9,15,0,0.258,5,0.761,43
8921.53,156,0,147.56,166.02,25.3,19,15,5,0.601,3,1.551,7
6183.46,213,0,242.82,261.2,44.31,17,2,1,0.411,1,0.627,29
5002.31,71,0,197.19,204.07,22.67,16,13,14,0.493,3,1.436,5
9562.46,364,0,387.77,421.22,51.53,3,5,7,0.46,4,1.048,0
9315.35,44,1,206.91,234.43,54.03,4,4,1,0.508,5,1.094,6
9552.43,251,0,149.8,164.53,35.13,19,13,11,0.282,5,0.348,3
3092.68,50,0,100.47,115.4,21.22,10,4,7,0.313,3,0.569,77
6407.1,238,0,324.19,266.23,41.72,9,12,11,0.651,5,1.971,0
3097.28,79,0,368.94,389.04,49.23,12,8,7,0.213,0,0.476,69
7428.99,172,2,181.11,203.11,59.82,20,6,14,0.516,2,0.129,2
2201.29,17,0,115.72,134.6,48.85,0,9,4,0.225,4,0.106,106
9321.34,12,0,141.02,155.91,20.72,11,3,3,0.739,0,0.99,31
9385.78,154,0,199.93,194.05,25.57,0,8,2,0.44,5,1.861,6
7869.69,272,0,374.78,342.99,27.42,17,10,7,0.786,4,0.382,5
4139.68,276,2,237.19,270.04,38.09,20,4,5,0.186,1,0.143,12
6800.46,24,2,105.41,107.81,51.49,9,14,11,0.209,3,1.916,0
7341.09,352,0,302.26,339.04,46.37,6,3,5,0.753,5,1.707,0
658.94,270,0,303.87,251.25,43.75,8,4,3,0.818,4,1.399,54
7920.45,42,0,375.71,435.81,37.93,8,11,15,0.455,5,0.645,3
698.62,298,0,297.8,273.26,28.63,17,2,2,0.808,0,1.629,54
1378.95,289,1,253.92,271.27,53.89,2,5,3,0.581,4,1.507,47
3477.7,64,0,225.51,244.83,54.45,9,7,11,0.49,5,1.406,53
2498.67,329,2,225.44,262.5,59.73,18,13,13,0.86,3,1.542,11
1022.24,59,0,250.76,285.71,20.82,1,15,12,0.376,1,0.639,92
6867.56,110,0,368.38,374.65,59.14,2,10,15,0.74,1,1.059,5
3786.42,223,0,179.51,182.11,37.97,4,15,6,0.571,1,0.506,42
1969.54,185,0,275.16,261.01,37.96,19,6,9,0.225,4,1.022,41
254.73,27,0,253.73,258.39,21.37,15,14,9,0.575,0,1.114,79
1438.34,19,5,396.16,456.65,35.79,17,11,2,0.353,5,0.688,2
244.8,352,0,103.62,104.41,44.23,2,6,11,0.831,3,1.189,55
9279.01,265,0,335.32,355.19,49.93,12,10,15,0.503,5,0.508,0
7172.19,47,0,366.74,417.38,41.02,4,15,8,0.759,4,1.431,11
7266.7,285,2,317.33,305.12,28.59,10,12,10,0.695,3,0.833,0
799.82,7,0,186.27,160.96,31.29,14,1,12,0.513,0,0.384,115
1038.39,66,3,312.36,343.34,27.88,16,13,11,0.866,1,0.505,15
4176.39,46,0,341.8,308.06,29.96,10,5,4,0.734,4,0.596,44
5380.68,46,0,178.97,183.0,36.46,5,4,15,0.879,0,0.629,52
8119.81,115,0,297.66,305.57,38.87,20,9,2,0.248,2,1.37,6
8958.12,272,0,288.27,271.71,32.94,1,3,14,0.487,1,1.006,0
4807.86,49,0,325.85,297.43,28.75,8,7,1,0.198,4,1.25,63
870.82,77,0,296.39,321.2,43.45,3,6,15,0.468,4,1.292,63
4166.95,287,0,217.44,196.75,33.72,11,7,10,0.107,1,1.893,19
418.8,332,0,376.06,308.24,42.94,1,3,13,0.107,1,0.136,76
6571.98,120,0,118.39,119.6,39.87,16,8,7,0.485,5,1.99,0
4200.72,219,0,236.27,211.58,53.42,13,5,11,0.11,5,1.682,9
6918.47,332,0,129.53,151.13,42.41,10,10,14,0.366,4,1.653,0
9332.25,344,0,195.9,220.22,47.59,5,5,11,0.443,3,0.289,3
9804.71,31,0,279.57,279.89,22.08,0,6,4,0.855,0,0.4,35
3385.27,83,0,259.45,298.04,47.49,11,8,5,0.889,1,0.472,71
1104.84,88,0,284.56,321.9,26.3,16,9,6,0.574,0,0.335,80
9800.52,140,0,151.4,161.55,44.38,19,7,7,0.815,0,0.695,0
8635.77,21,1,179.85,159.35,53.02,12,11,9,0.562,5,1.666,0
53.24,262,1,362.54,293.89,42.48,17,9,6,0.728,2,0.956,32
6615.24,136,1,271.4,224.37,24.66,14,0,5,0.164,3,0.42,22
6938.45,251,1,293.13,273.53,50.19,15,9,10,0.59,3,1.423,2
8179.85,272,0,292.7,313.75,42.35,15,14,11,0.861,4,1.958,0
1079.25,57,0,112.37,101.17,47.59,14,1,5,0.372,0,0.864,121
9144.58,186,0,279.59,256.39,47.36,18,2,11,0.488,3,0.292,0
8725.74,225,0,134.36,161.07,37.02,17,3,9,0.295,2,1.683,8
1074.53,80,1,290.23,346.49,25.53,20,5,1,0.305,3,1.361,50
4898.28,349,0,397.51,465.49,32.31,10,1,5,0.352,0,0.78,23
2956.38,98,2,355.8,394.92,35.71,15,7,6,0.76,5,1.06,1
304.97,264,2,179.87,180.92,24.28,18,15,7,0.693,3,1.55,0
3379.7,95,1,324.32,316.68,49.34,12,5,4,0.742,2,1.263,36
4329.73,145,0,280.42,322.35,24.79,19,11,8,0.169,5,0.819,8
3243.14,297,0,205.28,240.63,51.99,5,4,8,0.674,1,1.103,42
5400.29,111,0,242.7,252.68,59.44,7,6,11,0.3,4,0.989,35
3929.51,204,1,275.5,296.35,57.56,16,0,3,0.697,5,0.61,18
7766.07,96,1,242.52,270.98,34.4,7,11,9,0.259,4,0.16,2
4198.7,360,0,350.24,390.1,27.41,1,9,3,0.497,4,0.69,1
6561.11,46,0,297.85,286.15,56.36,17,13,2,0.367,0,1.924,25
1721.94,64,0,179.77,175.34,21.21,10,0,4,0.581,4,0.541,94
7979.43,135,0,114.34,100.23,26.69,16,7,1,0.468,2,0.531,11
5545.97,9,1,351.17,294.04,49.55,19,15,2,0.504,1,1.897,16
4429.37,111,0,221.31,191.39,48.03,18,2,11,0.293,1,1.89,37
234.59,111,0,235.43,211.6,51.6,11,13,9,0.571,0,0.654,80
8227.36,146,0,256.25,250.96,30.24,9,2,2,0.706,2,1.496,12
1005.3,154,0,200.42,216.09,47.95,20,13,1,0.458,4,0.956,45
1993.81,346,0,290.06,260.88,32.17,14,13,2,0.706,5,0.421,5
4537.54,14,0,199.24,173.63,50.61,18,10,15,0.324,1,0.649,44
3097.65,68,1,167.47,139.11,52.42,3,3,15,0.533,3,0.252,64
7215.12,120,3,352.28,372.52,44.37,9,14,3,0.736,4,1.143,0
5383.26,276,0,300.55,316.17,20.71,2,15,11,0.179,3,1.603,0
640.85,189,0,175.72,192.02,26.59,10,3,15,0.378,2,1.155,62
9041.91,180,0,335.73,395.83,34.23,19,1,10,0.808,1,1.979,0
9773.69,114,0,201.31,226.25,47.83,15,0,10,0.524,0,0.801,5
7220.97,116,0,308.58,289.31,47.76,8,7,2,0.147,2,1.248,31
3962.36,50,0,204.32,235.09,28.07,20,9,8,0.768,3,0.441,39
7350.23,297,0,349.08,337.8,27.76,18,1,14,0.747,4,1.604,7
1917.73,103,2,122.67,110.24,47.81,13,10,1,0.145,0,0.439,66
9864.48,166,0,260.46,299.7,56.5,2,12,9,0.371,4,1.903,0
81.08,3,0,106.77,114.75,31.76,16,14,9,0.11,5,0.541,86
5348.01,308,0,126.06,136.23,22.11,16,9,6,0.474,4,1.319,0
8341.25,326,2,264.72,273.51,36.07,20,11,10,0.599,1,0.213,1
2733.29,56,0,399.85,361.95,43.04,19,15,11,0.101,5,0.833,19
9721.67,12,0,391.17,424.98,32.93,19,8,3,0.81,5,0.378,0
1889.3,252,0,214.06,245.85,46.53,17,9,9,0.116,0,0.949,40
7155.63,300,2,253.65,239.46,38.6,7,15,13,0.235,3,1.845,0
8151.8,207,0,123.35,117.12,47.55,2,7,11,0.591,4,1.531,11
2960.64,238,0,153.75,162.8,38.57,6,5,1,0.159,5,0.508,56
5166.64,81,3,394.12,401.29,58.0,14,6,13,0.587,5,1.216,0
8225.18,83,0,316.1,319.82,35.82,9,12,11,0.873,2,0.641,0
3633.73,76,2,128.34,153.44,57.96,19,12,12,0.776,0,0.938,10
337.89,66,0,163.12,149.43,51.46,17,11,14,0.415,5,0.957,55
8269.04,18,0,383.88,419.71,45.5,1,4,12,0.614,3,1.059,22
8327.79,7,0,174.64,185.91,48.4,0,9,9,0.775,0,1.667,40
4021.56,10,0,161.93,174.07,34.1,9,1,14,0.694,1,0.398,77
3372.2,170,0,383.14,429.76,27.23,3,5,7,0.733,1,0.947,56
2246.61,273,0,178.88,169.97,39.91,9,7,10,0.419,0,1.088,46
4902.22,334,1,248.05,218.82,49.49,16,12,7,0.423,2,1.947,3
8502.67,356,0,381.62,415.56,27.62,20,13,14,0.477,0,1.509,0
5953.56,336,0,215.64,186.16,47.81,14,1,10,0.831,1,0.478,0
9363.53,204,0,340.92,380.69,27.73,7,9,1,0.206,5,0.408,5
9871.68,220,0,186.2,161.02,29.97,9,14,4,0.837,1,1.814,0
9174.56,321,0,220.11,252.72,34.37,16,13,9,0.138,2,1.2,6
5150.84,82,0,147.97,141.95,43.2,14,11,13,0.57,3,0.725,7
5083.12,336,0,374.33,302.56,58.49,17,15,13,0.305,0,1.688,0
3933.53,305,1,162.07,188.02,40.92,18,10,0,0.747,0,0.479,8
5063.7,141,0,100.79,98.81,34.1,13,1,5,0.788,5,0.901,25
174.31,306,0,150.91,164.1,50.8,9,1,15,0.689,5,0.41,39
3368.19,312,0,139.26,136.9,30.73,11,15,13,0.771,2,1.249,5
93.45,323,0,255.3,289.19,46.38,13,14,14,0.129,3,0.756,23
1064.82,226,1,272.56,325.47,29.9,0,0,15,0.612,4,1.858,36
7608.91,354,0,346.79,315.07,27.41,18,6,14,0.512,5,1.991,0
3991.09,355,0,217.84,234.88,57.52,17,3,8,0.171,2,0.163,23
381.18,264,0,271.94,318.26,45.81,2,3,0,0.728,5,1.946,61
4663.94,216,0,336.9,369.08,45.01,3,1,10,0.308,5,0.161,31
8778.05,70,0,238.12,225.2,34.12,9,4,13,0.48,2,1.962,0
8821.67,171,0,209.32,168.47,29.97,0,4,9,0.833,3,0.128,7
7297.0,31,5,336.18,323.9,52.93,11,11,0,0.752,0,0.799,2
5910.95,219,0,391.87,322.23,42.96,14,14,5,0.795,1,1.165,0
8490.35,261,1,307.89,246.93,37.11,7,6,12,0.331,2,0.644,0
5168.37,82,0,151.56,137.11,39.85,10,0,7,0.544,0,1.662,63
2172.24,178,0,367.38,412.04,27.36,15,12,11,0.167,1,1.623,29
7482.77,179,0,315.33,338.01,53.24,12,12,3,0.431,5,0.383,4
3914.8,249,2,289.16,298.39,34.8,16,15,5,0.703,5,0.958,0
9384.68,21,3,210.14,244.41,32.19,12,4,0,0.584,4,1.31,2
6471.68,0,1,368.04,415.62,24.12,17,6,11,0.343,1,0.998,5
6771.27,38,1,303.13,266.62,23.19,19,12,7,0.173,4,0.356,0
5691.51,93,0,216.14,194.64,26.65,19,10,9,0.679,4,1.604,4
9776.74,337,0,245.28,250.18,39.67,20,12,1,0.188,4,0.677,3
8315.98,14,0,232.98,203.74,39.41,20,5,14,0.593,2,0.772,0
6033.26,347,0,385.95,402.66,28.8,14,13,14,0.127,5,0.251,2
4850.72,272,2,369.25,435.23,35.9,7,6,6,0.694,1,0.435,0
6072.67,122,3,195.12,229.41,34.74,3,15,8,0.809,3,1.236,0
6245.97,119,0,172.04,144.57,30.41,7,6,7,0.573,1,0.165,45
7023.38,86,0,160.68,145.92,40.19,1,12,15,0.627,3,0.495,20
8667.64,293,2,142.23,126.58,42.33,7,10,10,0.193,4,0.102,0
7571.51,3,2,365.46,394.63,38.63,19,7,3,0.482,4,0.457,8
1214.65,305,0,144.44,153.33,47.25,12,3,1,0.82,2,1.982,45
1921.73,5,0,394.88,359.21,28.11,6,2,14,0.883,1,0.14,97
7669.29,181,0,314.85,304.37,50.29,16,15,7,0.35,3,1.025,0
9785.78,179,0,276.74,301.18,29.65,16,1,3,0.585,4,0.875,0
3411.03,22,0,195.89,169.84,30.52,18,13,6,0.119,0,0.279,65
1716.94,17,1,374.78,443.46,20.42,1,0,15,0.813,2,0.239,82
8467.83,229,0,230.44,202.86,24.3,3,8,3,0.489,0,0.327,25
6490.92,158,0,109.56,108.21,56.98,11,12,12,0.157,3,1.788,0
4802.54,294,0,184.06,151.16,51.82,20,15,11,0.393,2,1.813,0
8339.17,307,1,348.42,336.09,40.75,16,3,14,0.376,5,0.977,0
8603.7,14,1,228.23,239.79,49.1,18,15,6,0.531,0,0.814,0
6400.49,290,1,362.41,314.65,25.45,17,4,15,0.516,1,1.788,4
2014.61,114,1,279.38,247.17,54.04,15,4,3,0.264,2,1.325,64
7283.53,252,0,392.79,366.28,24.75,1,13,12,0.881,4,1.283,2
912.45,22,0,171.49,197.22,54.72,20,12,1,0.665,2,1.254,64
4157.34,275,0,199.18,227.9,38.95,5,11,12,0.167,4,0.732,11
5460.99,299,0,317.85,319.12,25.19,9,4,10,0.887,1,1.428,3
2529.12,244,1,376.73,401.79,29.43,13,10,6,0.167,3,0.678,23
9262.08,147,0,241.32,231.47,32.41,9,2,4,0.675,0,1.852,7
4802.37,115,0,281.12,314.9,43.4,14,6,0,0.699,0,0.307,50
986.57,157,0,117.8,125.23,55.32,11,5,1,0.757,3,1.134,68
1543.62,101,1,373.37,421.26,25.12,5,9,1,0.671,0,1.825,64
3094.82,81,0,386.03,317.09,48.37,10,7,1,0.544,4,1.441,47
1908.09,53,1,176.14,170.68,51.46,6,9,9,0.75,0,1.034,72
5799.62,285,0,149.92,167.1,30.0,5,11,3,0.329,5,0.34,8
5656.45,93,0,348.86,415.15,54.94,13,9,7,0.517,1,1.11,18
7651.53,24,0,335.85,319.32,24.01,3,6,13,0.58,2,1.92,7
8677.05,160,0,234.42,220.0,33.53,15,11,4,0.392,0,1.154,0
5915.1,98,0,253.92,285.81,51.07,16,2,15,0.627,5,1.738,0
8934.43,125,0,192.86,198.19,29.84,6,8,4,0.617,3,0.197,9
6477.09,151,0,186.04,220.96,44.35,18,10,0,0.878,1,0.612,21
5905.9,39,0,338.12,376.69,29.49,19,3,7,0.255,4,1.426,17
5593.02,358,0,280.31,260.95,51.24,5,12,3,0.697,1,0.815,0
2966.21,122,0,292.53,289.25,56.32,13,7,7,0.411,1,0.966,68
7595.62,95,0,146.2,132.47,30.22,13,8,14,0.895,1,1.24,0
2840.6,344,0,186.92,169.69,25.79,5,8,12,0.519,4,0.976,21
9421.42,231,0,339.55,342.81,42.88,14,13,7,0.646,5,1.456,0
4354.36,80,0,249.62,295.41,49.39,0,2,6,0.716,2,0.256,78
8359.1,203,0,196.55,176.62,20.36,19,15,4,0.669,2,0.416,1
5286.3,172,0,280.42,312.91,28.61,8,6,14,0.737,4,0.961,9
2735.03,310,1,150.14,162.06,51.21,0,0,4,0.596,3,1.736,36
2239.06,27,0,303.67,349.05,37.29,17,2,2,0.456,2,1.795,72
4278.41,144,0,387.87,402.16,52.78,11,10,15,0.69,3,0.691,4
3206.99,254,3,359.63,330.36,26.37,13,3,2,0.561,2,1.334,0
7100.29,288,0,391.39,331.56,58.33,5,5,12,0.898,3,1.716,0
4340.71,277,0,289.0,328.93,31.87,7,3,4,0.317,2,1.955,19
9908.01,51,0,196.52,163.11,55.83,14,6,13,0.721,2,1.228,6
6396.17,200,2,310.06,315.98,44.38,1,9,3,0.551,1,0.496,3
4037.57,97,0,388.86,314.85,32.25,14,14,2,0.212,4,1.229,24
8010.08,184,2,362.29,309.33,26.91,3,13,6,0.188,3,1.928,4
5252.02,63,0,273.73,286.58,36.21,15,4,1,0.391,3,1.418,48
9321.02,286,1,179.66,184.83,55.77,7,8,15,0.523,5,0.241,1
3823.65,179,0,262.28,238.64,49.23,13,9,9,0.138,4,1.074,31
7121.18,26,0,101.02,90.72,48.18,6,15,8,0.272,4,0.24,28
4371.24,83,0,385.21,400.28,20.59,12,6,7,0.685,0,0.298,50
3877.07,263,0,339.61,304.74,49.02,9,1,1,0.28,4,1.638,27
7273.97,216,0,106.71,87.49,30.55,15,13,4,0.766,5,1.122,2
6621.86,346,1,140.88,163.3,29.7,13,13,8,0.256,1,1.39,0
8878.18,122,2,149.66,163.51,40.98,0,3,6,0.391,4,1.247,0
1453.16,344,2,244.63,272.34,25.8,16,4,12,0.232,3,0.185,3
6564.72,197,2,360.32,353.27,20.61,9,15,9,0.546,4,0.641,0
7524.73,281,0,325.16,304.23,48.4,7,4,4,0.881,4,0.579,3
1176.0,325,0,279.2,276.13,47.93,4,14,11,0.811,5,1.369,1
8063.55,19,1,160.74,190.26,40.1,2,8,10,0.389,5,0.262,6
7866.53,60,0,312.18,333.62,27.85,6,11,13,0.659,5,0.767,6
8372.4,239,3,278.56,296.15,22.56,18,11,15,0.721,1,1.576,0
2561.51,202,0,146.77,159.82,48.88,9,1,3,0.144,3,0.303,72
8166.21,153,0,107.69,125.99,54.07,20,2,13,0.26,2,1.927,7
437.66,262,2,295.26,292.34,54.18,0,15,9,0.518,4,0.345,25
8553.14,262,0,302.51,360.49,48.48,8,13,4,0.184,4,0.633,8
1344.31,78,0,223.38,219.83,24.64,16,9,11,0.753,1,0.174,74
7535.04,77,1,241.66,263.6,59.97,6,11,1,0.828,4,0.57,0
9619.94,17,0,216.19,224.85,40.55,11,2,2,0.616,0,1.657,33
798.94,188,0,307.2,349.32,39.26,11,0,8,0.153,1,0.343,90
5887.59,179,0,282.63,272.65,38.95,7,4,4,0.223,2,0.924,32
8068.99,280,2,357.71,297.15,24.26,6,11,1,0.614,1,1.23,0
8344.74,105,1,169.03,152.53,21.28,2,7,7,0.72,4,0.465,3
9044.25,219,2,244.22,195.67,29.71,8,10,6,0.356,0,1.903,0
9058.76,234,5,151.46,167.91,28.94,10,2,11,0.841,4,1.435,5
5570.66,227,0,218.44,239.77,55.88,10,13,13,0.233,1,1.834,1
1404.97,336,3,173.99,185.7,49.61,13,10,3,0.354,5,1.182,0
6926.13,136,0,190.07,182.48,47.6,3,14,10,0.557,0,1.389,20
8492.19,248,2,207.83,243.31,47.95,18,6,5,0.57,0,0.362,7
5912.43,126,0,263.44,225.56,54.79,2,1,8,0.174,1,1.384,62
3978.79,46,2,115.16,122.8,22.87,2,4,4,0.553,0,0.985,65
934.54,134,0,181.88,145.68,36.63,11,11,5,0.175,5,1.256,61
7753.16,186,2,177.77,150.91,57.7,6,8,8,0.132,0,1.568,0
1683.85,352,0,140.01,148.67,52.09,9,13,3,0.438,4,0.807,21
2719.65,124,1,110.02,92.03,21.97,20,6,5,0.28,0,0.609,51
9115.97,82,3,233.11,260.63,20.53,18,8,6,0.205,2,0.216,0
5063.71,245,0,371.48,380.39,38.02,7,0,12,0.693,3,0.176,12
3323.1,270,0,310.06,350.52,49.25,3,13,15,0.8,5,0.771,8
241.12,352,0,240.04,274.68,58.12,11,8,11,0.801,3,0.866,23
9355.46,108,0,323.82,285.59,34.84,18,4,10,0.678,5,1.323,0
4105.17,289,0,197.19,211.3,42.53,19,4,1,0.305,1,1.408,30
9859.74,249,0,134.92,118.97,23.37,16,1,8,0.377,5,1.586,0
7395.24,46,0,349.61,323.02,57.72,17,12,3,0.638,5,1.686,1
7618.05,167,0,274.1,244.0,22.6,14,15,9,0.775,3,1.418,0
6002.19,117,0,152.41,141.77,27.98,3,4,6,0.567,2,0.272,58
6672.45,85,0,323.32,366.57,34.07,3,4,7,0.203,5,1.181,29
3018.39,273,0,216.89,226.12,50.21,13,4,14,0.45,0,0.328,45
9115.15,309,0,313.12,333.3,21.76,12,10,0,0.446,4,0.912,0
4271.58,89,0,308.96,280.68,31.87,7,2,5,0.314,1,0.667,83
6575.94,28,0,156.02,156.66,41.16,10,5,1,0.637,5,0.539,38
4258.69,204,1,242.31,227.88,34.44,5,5,0,0.877,0,1.804,35
9017.42,326,2,271.07,256.54,53.17,7,4,13,0.318,0,1.137,0
5937.97,43,0,161.34,189.26,30.58,14,12,9,0.71,2,0.67,18
2816.53,206,0,329.66,272.85,25.89,13,3,15,0.107,1,0.201,56
6127.22,149,2,242.53,215.75,54.13,12,15,14,0.466,0,0.687,0
4101.64,1,0,159.3,162.39,24.64,13,3,8,0.863,3,1.446,37
9515.8,103,1,319.36,340.36,25.23,16,7,1,0.788,4,1.401,3
190.98,97,0,232.78,196.9,53.48,13,5,2,0.31,4,1.855,83
4631.18,314,0,322.9,376.74,54.03,11,5,15,0.797,3,1.038,0
1154.28,267,0,153.19,175.42,35.71,16,3,15,0.423,2,1.619,35
5897.8,246,0,105.24,92.29,50.1,2,14,5,0.436,0,0.764,26
9217.27,49,0,119.54,116.39,25.41,19,0,13,0.695,4,1.445,0
3134.13,273,0,317.41,298.34,32.53,3,13,14,0.885,1,0.121,32
1697.93,94,5,233.53,246.06,25.07,2,6,3,0.459,0,1.944,30
533.49,142,0,157.56,162.67,40.24,19,9,13,0.733,5,0.238,39
987.69,108,0,377.66,358.89,50.31,20,2,14,0.71,0,1.89,58
3650.46,352,0,305.27,289.39,37.96,19,8,6,0.204,0,1.653,9
5077.84,334,0,199.68,231.69,23.95,18,4,1,0.868,0,1.02,6
8617.74,284,0,183.26,184.9,37.23,13,3,15,0.439,5,0.993,0
5609.56,166,0,288.14,269.28,46.88,16,4,6,0.31,1,0.504,46
1826.63,364,4,335.07,345.13,24.61,3,11,14,0.546,2,1.13,0
8891.86,225,0,220.27,243.28,39.3,20,12,6,0.875,4,1.595,10
533.4,160,0,237.58,256.3,59.9,19,11,14,0.373,5,0.775,44
1092.62,53,0,201.87,188.57,21.68,1,1,5,0.389,4,1.506,99
1410.6,112,0,312.62,313.52,52.16,17,0,1,0.705,2,1.693,74
5555.09,304,0,128.58,109.0,51.32,18,5,9,0.825,1,1.139,0
4520.29,326,1,244.38,239.56,36.96,15,4,2,0.197,1,1.911,8
1802.9,8,1,303.74,316.73,42.59,17,14,4,0.492,4,0.887,38
4320.25,259,0,203.11,210.74,27.53,14,4,13,0.321,0,0.265,32
2866.59,130,2,138.34,163.12,42.88,13,2,11,0.501,1,1.8,29
6637.67,51,0,358.92,362.58,41.13,20,12,5,0.369,0,1.642,14
7589.12,74,0,139.22,123.35,46.25,15,14,7,0.355,2,1.631,6
3514.42,85,0,126.32,143.42,54.22,9,4,13,0.876,2,0.513,53
9288.04,117,0,375.34,321.24,42.07,3,7,14,0.581,5,0.236,0
3428.92,15,2,373.23,405.42,55.39,0,13,12,0.785,0,1.285,38
4817.0,336,0,346.74,347.38,55.42,13,7,9,0.18,1,0.866,5
739.63,92,2,282.61,333.51,59.95,20,8,14,0.405,4,1.794,0
9137.96,300,0,191.62,206.63,58.04,2,12,13,0.369,0,1.521,0
1158.47,258,0,165.48,143.26,29.47,8,13,3,0.326,2,0.981,54
587.96,24,0,234.07,255.98,26.93,4,11,7,0.842,0,0.185,104
9844.67,329,0,144.52,152.38,57.98,17,7,6,0.305,1,1.727,12
1174.62,269,0,215.18,195.28,46.08,1,1,4,0.302,3,0.412,92
599.27,179,0,223.15,195.7,49.81,9,0,5,0.204,3,0.874,98
6988.86,273,0,312.57,328.01,45.78,12,13,14,0.358,2,1.224,1
366.84,287,1,164.68,158.05,40.32,17,5,14,0.168,1,1.068,39
6942.75,245,1,360.55,380.66,37.9,2,0,1,0.142,3,0.142,16
9867.97,137,0,112.74,97.41,35.36,12,8,0,0.672,3,1.453,0
946.85,107,2,273.68,266.0,45.66,12,0,0,0.636,2,0.447,81
2250.4,105,0,399.16,443.9,31.62,7,6,13,0.895,3,1.198,41
5274.02,346,0,109.06,91.84,58.62,6,13,14,0.447,3,0.557,13
2215.93,99,0,229.06,236.99,56.38,20,12,4,0.204,5,0.413,49
421.5,57,1,238.54,286.16,53.56,6,6,4,0.723,1,0.596,99
4346.9,334,0,394.61,325.64,56.12,2,5,13,0.84,4,1.54,0
5634.7,12,0,269.3,300.85,30.92,0,8,1,0.747,4,1.211,47
7856.18,284,0,288.9,345.17,35.92,4,9,7,0.127,3,0.394,0
8864.45,127,0,356.89,355.55,28.67,12,3,6,0.195,0,0.311,14
5603.8,289,0,205.01,200.42,22.57,8,0,4,0.337,2,1.013,25
5607.12,262,0,119.51,142.22,47.25,11,9,6,0.866,2,1.582,0
110.28,203,2,316.56,365.17,44.63,17,11,10,0.799,3,0.561,0
7343.84,357,0,129.53,154.37,31.84,9,14,0,0.359,1,1.411,0
1626.28,125,0,331.5,333.87,48.18,9,13,9,0.173,2,0.555,60
8595.28,51,0,152.02,127.6,33.09,7,4,5,0.895,4,0.137,17
879.53,351,0,113.64,98.09,25.49,0,3,10,0.538,3,1.768,52
1000.32,176,0,173.83,186.29,54.93,3,2,10,0.445,1,0.95,93
2750.4,252,0,130.99,134.81,36.06,5,2,4,0.429,3,1.899,54
1004.4,124,1,312.31,300.55,21.25,5,7,15,0.346,5,0.234,50
6799.86,192,1,258.61,302.88,37.15,1,3,4,0.733,4,1.924,0
3291.37,206,0,362.25,327.98,28.21,10,12,9,0.832,5,0.86,5
9742.43,202,0,300.3,243.4,35.07,2,1,14,0.866,0,1.92,1
2167.64,26,0,355.33,363.46,28.27,1,15,4,0.466,2,0.961,75
3960.24,258,1,147.98,134.83,33.19,6,13,9,0.681,5,1.069,1
8108.21,352,0,105.2,108.35,28.5,2,1,2,0.617,2,0.16,3
5615.25,337,0,225.38,202.47,39.07,11,3,7,0.63,0,1.375,15
323.75,208,0,115.52,102.16,22.97,18,0,4,0.452,4,1.144,62
1370.6,34,0,155.95,135.82,54.92,3,9,14,0.38,1,0.598,94
9794.51,135,0,306.09,280.29,53.99,18,4,9,0.249,3,1.569,0
8955.83,177,0,241.91,271.14,51.56,19,5,10,0.463,5,0.393,1
3341.97,98,0,273.78,282.4,28.28,1,5,3,0.354,1,0.316,97
7628.55,300,0,355.67,370.09,58.43,17,9,4,0.267,2,1.332,0
282.65,176,1,321.02,345.44,36.93,6,6,14,0.639,2,0.509,53
7826.55,341,0,213.05,223.97,41.89,11,13,12,0.59,5,1.531,0
5534.0,37,0,204.27,213.64,53.5,12,11,2,0.414,0,0.301,65
5499.88,313,0,346.93,405.74,45.57,19,8,6,0.825,0,0.543,0
9412.59,240,3,355.6,414.38,53.89,4,15,12,0.644,0,0.434,3
2647.67,2,0,358.58,357.39,25.11,14,9,0,0.54,5,0.243,69
733.61,337,0,200.83,191.13,38.62,16,7,0,0.78,0,1.268,47
9686.14,333,0,258.88,286.04,21.57,6,3,15,0.784,0,0.353,0
8799.05,311,0,131.35,116.08,58.8,2,0,0,0.721,4,0.115,0
5715.89,3,0,347.04,413.91,36.44,9,2,6,0.692,4,0.806,48
393.9,302,0,135.78,158.8,23.11,20,14,3,0.133,5,0.842,28
6716.43,214,0,164.8,179.87,45.83,6,11,3,0.578,5,0.656,7
813.9,98,2,221.26,232.3,55.57,9,2,7,0.813,0,1.043,72
2057.25,346,0,203.35,213.57,56.42,1,10,3,0.362,3,1.372,39
171.52,277,0,205.37,190.08,47.37,14,4,2,0.42,1,0.116,83
9693.5,1,0,292.44,241.93,30.9,18,15,6,0.83,4,0.193,2
1036.04,174,2,386.97,362.61,24.22,6,1,6,0.26,4,1.353,35
6619.18,58,0,295.09,250.25,20.23,11,8,1,0.625,0,0.529,44
5470.61,353,0,163.47,183.82,50.95,8,15,7,0.727,2,0.741,0
6086.89,14,0,343.46,332.55,50.6,20,4,12,0.861,3,0.641,10
9117.54,189,2,307.98,323.37,20.59,1,9,8,0.501,5,1.148,0
8239.85,355,3,178.24,191.27,57.63,9,11,8,0.762,4,1.212,0
7370.88,269,0,323.12,326.75,36.45,17,1,3,0.252,2,0.183,0
9720.42,81,0,100.39,114.58,48.6,17,12,12,0.882,4,1.878,1
6656.74,314,0,232.7,237.95,40.7,10,7,7,0.251,4,1.784,0
9548.9,231,4,191.17,173.22,25.18,3,6,12,0.286,0,0.112,1
5078.62,267,0,225.92,222.4,51.64,5,5,11,0.753,2,0.384,20
4248.68,130,4,377.98,422.95,45.74,2,5,6,0.296,5,0.763,0
3267.09,331,0,311.65,334.12,31.69,17,8,2,0.537,0,0.504,13
883.13,230,2,165.93,137.04,49.55,1,2,9,0.281,4,0.715,47
5162.31,189,0,140.27,116.38,59.69,19,8,4,0.757,3,1.464,0
6675.84,257,0,394.74,420.86,58.26,12,13,2,0.423,2,1.98,0
1576.89,180,0,396.65,441.55,22.86,20,6,6,0.583,5,0.749,31
2725.73,171,0,100.36,105.02,27.56,3,4,8,0.366,2,0.695,74
1494.32,84,0,261.12,297.62,21.98,12,6,10,0.441,5,1.289,54
7992.9,196,0,292.88,335.19,39.46,8,4,2,0.192,3,1.265,0
5310.03,10,0,326.78,311.42,36.45,0,2,2,0.409,3,1.81,69
1308.64,141,3,343.42,289.81,24.87,8,10,12,0.179,2,0.282,29
1603.45,239,2,326.98,369.15,28.66,4,7,13,0.712,4,1.462,1
3876.6,153,0,248.56,226.21,38.95,15,6,7,0.546,2,1.004,42
4707.6,355,0,215.69,218.3,43.95,19,13,5,0.812,2,0.431,1
7061.22,245,1,272.93,313.77,48.84,8,3,7,0.261,1,0.283,0
399.86,149,2,272.53,298.5,39.6,10,15,12,0.323,2,1.466,29
8106.66,230,1,270.35,321.94,30.91,13,0,12,0.429,1,0.488,0
6933.95,159,0,114.3,94.24,57.68,17,2,11,0.689,4,1.06,0
7188.64,166,0,296.51,290.09,33.86,10,0,12,0.357,0,0.515,26
6029.48,254,0,115.5,107.96,50.13,5,7,13,0.807,4,0.567,4
3974.54,133,0,376.42,397.44,26.92,13,14,11,0.673,5,1.495,4
5149.47,248,0,135.52,122.0,25.59,7,9,11,0.21,0,0.307,37
7427.77,2,1,237.09,220.81,26.33,13,6,9,0.449,4,0.332,8
1126.98,50,0,257.52,214.6,53.49,8,4,3,0.117,0,1.427,119
3060.59,202,0,267.88,287.7,58.55,1,11,2,0.286,4,1.854,51
7480.89,343,0,269.0,297.29,34.68,13,9,13,0.173,5,0.711,2
8019.46,324,0,351.1,333.31,54.98,7,1,7,0.391,3,1.279,2
4198.7,308,0,182.99,217.73,30.35,6,0,14,0.387,0,1.261,33
4678.38,245,1,284.23,250.85,25.8,14,4,3,0.1,4,1.131,3
7990.1,50,0,229.04,246.54,40.84,12,0,5,0.733,4,1.033,23
2755.08,26,0,230.5,235.91,22.32,12,13,4,0.712,5,1.667,37
2370.77,101,0,241.87,266.1,44.46,3,0,12,0.102,3,0.439,95
2003.2,223,0,143.4,149.78,57.33,11,13,9,0.219,3,0.813,38
1107.49,150,3,123.41,129.6,36.96,19,2,11,0.835,1,1.923,14
2398.12,72,4,335.89,341.64,58.27,6,4,14,0.167,5,0.528,0
4107.77,91,0,203.94,190.81,42.63,6,10,13,0.474,1,0.735,52
4006.99,39,2,219.99,240.22,41.25,13,10,8,0.545,0,0.243,40
9583.49,286,0,372.18,390.73,32.11,15,3,7,0.743,0,1.61,0
7510.79,317,1,297.98,300.08,26.69,5,15,11,0.44,3,1.038,0
8739.98,206,0,201.56,177.1,54.43,9,7,8,0.791,4,1.809,1
6694.7,179,0,390.29,467.75,24.66,2,10,11,0.401,2,0.206,20
5064.61,302,0,313.48,365.91,29.94,11,3,13,0.452,3,0.338,3
8814.75,118,0,201.54,214.28,48.71,4,5,11,0.236,4,1.813,0
7054.33,101,0,133.15,150.69,47.82,12,12,7,0.168,3,0.16,17
4437.38,134,1,391.98,453.62,33.7,8,14,15,0.881,4,0.479,0
607.69,118,0,270.33,321.26,55.34,16,0,8,0.841,5,0.345,68
1608.53,276,0,150.52,164.24,27.35,19,6,5,0.455,5,0.754,30
9081.32,179,2,135.45,125.19,51.14,13,10,5,0.16,2,1.849,13
6159.05,66,3,210.6,169.33,47.57,15,2,10,0.594,0,1.175,0
6373.05,3,0,110.85,102.93,50.54,6,15,5,0.431,4,1.206,30
35.11,43,0,365.33,308.71,47.19,20,0,15,0.436,0,0.714,101
2603.93,354,0,233.24,245.79,53.11,10,3,8,0.863,4,1.832,7
1502.15,127,0,378.29,364.27,59.95,18,11,11,0.32,2,1.66,31
2757.3,303,0,146.2,158.33,58.99,20,1,14,0.588,2,0.825,8
5295.78,240,0,263.27,310.72,45.02,1,1,9,0.654,3,0.777,24
1912.79,345,0,310.56,276.67,20.16,2,1,12,0.706,5,0.863,29
1698.39,354,2,399.3,345.65,22.18,2,12,3,0.443,3,0.482,0
7742.61,31,0,350.68,283.1,52.09,12,12,0,0.278,4,0.755,20
7287.11,227,0,262.73,310.95,28.24,6,9,2,0.153,0,1.053,10
3618.0,307,0,269.45,291.37,28.1,7,13,1,0.43,0,1.991,21
1122.73,249,0,314.76,347.74,30.51,3,11,4,0.447,5,0.559,43
623.18,233,0,179.21,189.44,48.14,7,6,2,0.179,4,1.628,73
585.01,105,0,259.64,252.81,35.49,4,2,2,0.543,4,0.994,102
932.14,21,0,360.39,422.28,33.44,16,2,11,0.864,5,1.691,48
5688.19,325,0,194.95,231.32,26.12,2,4,0,0.104,0,0.289,51
3064.12,326,0,374.94,394.15,53.61,13,12,3,0.64,0,1.704,2
4863.5,179,0,382.19,422.18,47.85,20,7,9,0.727,1,0.111,12
3880.96,224,0,314.83,265.64,30.82,5,4,1,0.217,5,0.147,57
2369.28,227,4,388.68,347.47,24.01,13,13,0,0.419,4,1.381,0
3360.78,111,0,181.79,182.35,32.62,10,14,1,0.269,3,1.688,38
1841.97,30,0,305.44,267.17,41.72,13,13,13,0.234,0,0.362,80
4186.07,278,3,280.37,240.38,56.06,5,10,4,0.152,1,0.95,3
7196.55,279,0,324.25,317.07,57.8,2,15,6,0.101,1,1.339,2
9115.8,310,1,204.9,171.53,40.67,5,5,0,0.768,5,1.304,3
9319.03,212,0,237.88,208.05,45.45,18,1,8,0.484,4,1.491,0
6833.89,41,0,271.42,265.71,46.37,2,5,2,0.296,2,0.72,66
8630.27,121,3,334.13,390.43,32.25,1,10,8,0.135,0,1.639,0
9841.75,359,0,261.98,230.29,37.23,17,13,13,0.458,2,1.749,0
3814.41,27,2,109.65,127.01,46.08,15,5,9,0.75,4,1.218,8
5372.06,1,0,285.76,280.95,42.69,16,6,1,0.75,2,1.552,44
4459.65,140,0,155.55,163.45,26.95,1,14,6,0.424,0,1.882,54
7240.0,329,1,211.27,230.74,36.43,14,11,3,0.65,0,0.606,6
8828.12,299,0,385.44,406.61,51.51,0,0,4,0.834,1,1.48,0
5110.53,324,2,326.4,383.0,28.81,1,10,3,0.672,1,1.614,5
2624.56,137,0,380.52,348.71,40.82,13,0,12,0.368,1,0.661,59
7690.94,172,0,324.32,377.89,50.2,7,7,6,0.41,5,0.966,2
36.13,159,0,119.68,129.49,41.74,7,3,0,0.324,2,0.152,123
647.0,238,1,297.33,306.98,41.2,15,3,8,0.34,5,0.985,25
1903.03,155,0,228.69,262.06,47.79,15,2,1,0.792,2,1.584,51
9915.08,254,0,172.31,172.14,57.78,13,4,1,0.312,4,1.756,0
7847.35,20,2,310.84,279.15,40.23,3,15,1,0.543,1,1.148,2
7963.46,117,0,159.62,182.26,27.77,19,4,6,0.137,2,0.987,10
2698.33,222,3,399.22,469.88,46.84,6,3,2,0.765,2,0.213,16
3177.31,317,2,221.28,211.87,32.11,6,13,4,0.792,2,1.62,0
4690.14,305,0,377.31,401.72,55.46,19,4,15,0.542,2,1.81,4
3480.76,228,0,343.39,304.44,52.12,4,15,11,0.707,3,0.164,20
7379.11,116,0,221.4,215.11,29.07,19,5,10,0.417,2,1.263,0
2855.88,143,0,334.22,309.44,39.28,5,15,3,0.223,5,0.488,36
213.89,289,2,147.89,120.01,56.36,2,13,11,0.836,0,0.968,32
4109.0,330,0,207.8,171.01,45.59,0,7,7,0.478,0,0.478,47
5794.75,290,0,267.2,308.74,33.04,20,11,11,0.527,0,0.309,1
4246.83,315,0,134.27,114.98,54.14,3,5,9,0.463,5,1.045,18
8479.24,15,0,283.86,305.23,40.51,14,5,15,0.494,3,1.323,6
6128.55,1,0,249.78,267.23,58.73,15,15,4,0.101,4,1.224,34
7233.59,313,0,121.16,134.38,29.99,12,3,13,0.268,1,1.765,8
4437.95,328,2,358.47,310.3,21.04,2,13,0,0.739,5,1.161,4
4531.36,153,0,309.24,253.86,41.37,12,4,1,0.243,4,0.987,44
4865.67,56,0,209.07,250.44,42.85,1,10,14,0.857,0,0.747,61
729.84,224,0,274.39,302.65,30.64,14,6,5,0.882,5,0.885,28
1513.41,157,0,156.8,138.71,42.28,19,1,10,0.168,1,0.371,77
1692.72,212,3,397.14,446.01,27.53,13,8,7,0.84,5,1.917,5
7890.74,169,0,372.86,421.76,26.55,1,10,1,0.728,4,1.392,0
3641.58,191,2,139.22,129.51,43.09,1,2,5,0.288,1,0.377,56
9548.39,187,1,155.18,152.99,20.55,20,8,1,0.882,1,1.031,0
7587.64,134,0,259.34,300.19,30.27,0,10,10,0.85,0,0.304,12
6972.2,272,0,398.66,321.11,34.21,17,13,15,0.442,0,1.447,1
6934.26,265,1,381.42,456.74,25.01,14,11,12,0.872,3,1.517,0
9776.68,289,2,103.49,122.77,38.94,8,9,14,0.417,4,0.921,0
9084.95,65,0,152.32,157.75,30.17,3,9,2,0.622,5,0.837,7
6384.56,143,0,279.7,250.78,39.62,13,2,5,0.813,3,0.857,22
9929.03,48,0,134.68,113.29,50.17,2,11,11,0.51,0,0.818,8
255.24,70,0,309.7,304.27,41.25,14,6,4,0.567,1,0.882,84
2106.02,167,2,257.29,247.85,32.39,9,7,10,0.679,4,1.051,15
142.71,314,0,238.02,264.91,32.37,0,5,5,0.522,4,0.227,65
6722.25,213,0,141.83,142.24,46.6,7,4,9,0.835,3,0.967,4
385.86,211,0,329.32,374.09,31.69,15,3,1,0.709,2,1.234,61
8136.28,196,1,310.57,304.48,40.89,18,7,1,0.285,5,1.206,0
1981.09,255,2,242.06,265.94,52.19,20,4,4,0.457,5,0.191,2
5579.49,303,1,118.56,130.16,20.96,15,8,6,0.657,0,1.271,0
1834.64,234,0,185.78,216.78,51.24,4,10,1,0.175,4,1.339,57
1897.79,79,5,326.02,387.41,51.48,7,0,13,0.164,4,0.737,3
3629.39,119,0,273.22,320.6,21.4,11,15,0,0.278,2,1.403,35
7441.66,145,1,158.58,164.9,33.29,10,13,14,0.18,2,1.701,3
2585.06,351,0,307.29,329.73,53.66,7,13,0,0.182,2,0.159,29
725.56,194,0,374.71,374.4,35.95,11,15,5,0.502,2,1.339,37
4869.41,96,2,216.51,224.86,40.03,2,1,4,0.845,1,0.583,42
2087.43,333,0,385.67,376.81,47.63,5,4,4,0.381,2,1.126,47
4939.06,361,0,104.69,86.45,23.99,2,4,8,0.162,5,0.565,20
2888.29,314,0,104.53,102.4,37.28,8,13,2,0.37,4,0.31,28
6345.71,135,0,199.1,202.98,27.98,4,13,14,0.472,0,0.871,22
4736.91,172,2,389.24,361.93,51.95,7,4,11,0.792,4,0.1,2
8054.74,136,0,197.79,202.78,27.49,14,2,13,0.684,3,0.964,0
198.8,352,0,342.77,349.86,32.67,7,11,13,0.675,3,1.434,18
9699.37,264,2,309.81,338.95,31.62,15,9,2,0.68,4,0.65,0
3027.11,298,0,156.07,158.7,31.3,18,12,5,0.157,2,1.973,9
315.35,298,0,235.84,237.3,25.34,3,7,6,0.652,0,0.511,89
5211.02,205,0,240.15,259.83,32.35,15,13,15,0.306,3,1.785,0
7319.04,281,0,253.07,255.18,43.62,10,4,14,0.213,0,1.86,1
3201.25,72,2,282.05,322.75,20.62,19,7,4,0.67,0,1.805,12
3325.73,320,0,361.12,313.52,34.1,11,3,14,0.638,2,1.956,0
5207.04,308,0,177.36,148.57,32.61,5,8,13,0.466,3,0.972,0
9695.72,364,2,105.46,89.79,39.84,3,10,13,0.179,2,1.325,0
5423.94,87,0,366.5,405.6,52.48,13,11,1,0.466,5,0.868,16
7018.56,310,3,113.88,131.25,55.78,14,10,5,0.164,2,1.294,0
4107.09,122,0,255.46,257.68,41.58,2,1,9,0.651,5,0.286,64
1015.57,286,0,368.41,431.58,59.04,3,9,10,0.508,4,0.986,32
955.94,195,0,325.97,316.24,59.82,2,14,9,0.484,3,1.653,44
9159.92,325,3,145.5,121.17,37.26,15,10,9,0.763,2,0.498,0
5001.48,149,1,346.38,373.92,47.69,13,10,14,0.491,1,1.181,3
8932.07,114,0,141.84,145.83,49.51,14,0,12,0.722,3,1.68,0
728.99,329,0,308.72,342.56,21.72,18,5,8,0.167,1,1.004,36
6535.65,298,0,161.33,144.47,29.06,4,8,15,0.52,2,1.412,0
367.94,268,0,106.64,112.11,43.29,18,13,13,0.199,4,0.806,26
2968.52,346,0,322.14,314.52,55.53,2,5,13,0.563,0,0.171,41
1904.5,54,0,383.52,458.21,21.8,19,1,1,0.438,4,0.791,71
1290.96,70,1,127.62,104.94,52.04,2,4,1,0.363,4,0.142,101
9443.52,46,0,396.78,439.57,58.48,4,15,10,0.708,5,1.856,12
8250.39,65,1,236.38,235.66,27.45,18,6,7,0.339,1,1.676,1
6450.83,296,1,332.66,373.75,42.83,6,3,8,0.185,3,1.861,2
316.15,111,0,293.74,270.67,55.95,1,5,11,0.524,4,0.922,86
7262.26,40,0,167.43,175.0,45.13,8,12,9,0.762,2,0.475,28
9510.91,14,0,129.84,123.64,50.78,18,5,11,0.248,1,1.805,0
7195.02,30,0,217.49,243.92,55.45,3,14,15,0.765,4,0.62,9
9854.56,231,5,150.46,129.02,40.14,0,5,10,0.877,3,0.806,0
7403.05,318,3,332.03,297.94,21.6,15,4,4,0.35,4,1.212,0
2148.71,82,5,126.0,144.26,35.62,1,12,1,0.744,4,0.598,0
4118.98,354,4,373.54,406.01,24.21,4,7,4,0.796,5,0.516,0
718.99,324,0,329.82,322.61,33.84,15,15,6,0.365,4,0.195,13
4684.1,317,3,107.75,128.88,32.9,16,10,5,0.183,1,0.819,0
8589.25,347,0,241.41,285.47,37.35,4,11,10,0.4,0,1.042,0
3608.07,245,1,315.58,308.05,25.7,13,14,15,0.719,4,1.217,0
2294.12,36,0,375.87,398.98,31.13,15,14,5,0.368,2,1.097,59
6541.68,3,2,390.51,414.9,59.35,9,1,11,0.499,5,0.863,9
4584.05,233,1,280.43,263.3,27.48,17,11,2,0.811,0,0.882,8
3420.95,149,0,150.43,130.23,25.22,17,12,5,0.134,2,1.316,36
9904.02,16,0,226.92,259.53,25.39,3,10,12,0.845,3,1.386,0
1167.53,320,0,397.28,342.6,30.14,15,8,14,0.334,5,1.932,3
5788.73,231,0,245.71,278.9,28.79,19,12,14,0.302,3,0.227,0
5875.56,30,0,233.13,216.85,22.26,8,8,10,0.625,0,0.697,56
1921.29,206,0,308.21,320.86,27.38,6,6,1,0.351,3,1.314,65
7579.38,111,2,385.13,418.48,39.7,12,15,13,0.537,0,0.805,0
6974.99,295,1,108.73,87.99,40.66,14,7,11,0.773,0,1.975,0
4048.93,335,2,357.48,314.45,55.03,3,12,0,0.165,1,0.17,0
1855.75,193,1,135.05,129.89,21.68,9,0,10,0.188,5,1.872,36
6756.28,178,0,217.64,247.6,52.27,4,7,13,0.205,1,1.852,14
1729.32,75,0,262.28,270.0,56.57,0,8,13,0.304,2,0.611,91
525.91,266,0,287.45,343.57,37.54,16,15,10,0.252,4,1.266,9
956.86,249,0,282.92,257.38,47.94,9,6,1,0.528,1,1.942,68
184.66,135,0,156.44,131.59,37.23,8,12,15,0.745,1,0.571,80
8552.34,125,0,131.67,157.56,29.77,16,7,11,0.341,3,1.567,12
7237.46,332,0,365.26,294.75,36.21,4,2,6,0.506,5,1.965,1
1993.24,109,0,261.18,307.6,36.4,13,8,13,0.764,1,0.132,59
8958.35,164,2,274.01,267.94,50.99,12,9,0,0.17,4,0.687,0
4545.08,187,0,302.15,267.18,53.48,10,8,6,0.412,1,1.488,34
2902.97,292,0,202.95,217.22,23.92,10,2,6,0.291,4,0.942,34
4467.22,271,1,165.72,165.61,52.98,11,15,4,0.323,3,0.502,0
8905.02,72,1,235.6,237.4,52.42,3,12,3,0.448,2,1.868,0
7371.25,2,0,207.73,185.33,43.18,1,0,5,0.813,4,0.509,52
7145.42,319,1,158.84,156.83,54.47,16,4,13,0.434,3,1.7,0
2845.61,277,0,145.33,133.11,29.31,15,1,0,0.432,2,1.55,45
2503.35,27,1,332.26,346.49,20.91,9,13,11,0.127,0,0.481,59
5792.21,142,0,366.91,357.72,23.01,2,3,14,0.325,5,0.989,10
77.3,357,0,120.75,113.4,27.6,7,15,1,0.334,0,1.062,60
326.55,365,0,263.17,288.39,44.2,1,3,14,0.297,0,0.791,73
7386.62,238,0,119.7,107.69,42.87,13,9,5,0.283,3,0.922,8
1270.53,152,2,215.81,252.63,46.08,17,5,3,0.771,2,0.777,33
9521.74,111,0,141.27,169.42,21.97,4,9,6,0.341,3,0.173,5
4338.21,20,0,277.4,301.33,55.56,18,5,13,0.639,1,1.056,38
1037.82,168,0,250.64,286.99,46.86,20,3,0,0.811,0,0.496,84
1628.47,217,2,291.39,332.4,34.44,14,13,6,0.464,5,1.982,6
4527.25,202,1,300.33,342.95,57.57,7,11,10,0.258,0,1.541,4
6508.83,290,0,338.93,324.9,26.15,12,15,12,0.837,5,0.453,0
5654.03,184,3,330.89,344.66,59.63,5,11,14,0.794,0,1.45,0
8302.32,240,0,306.52,278.61,53.28,0,1,1,0.183,3,1.774,22
4875.02,234,2,221.81,237.55,49.11,9,6,0,0.746,0,0.997,4
8688.51,274,0,106.06,91.58,45.67,2,4,8,0.215,0,1.359,5
6302.84,251,0,367.09,362.95,49.75,10,15,2,0.793,1,0.933,7
168.63,114,0,274.05,240.4,52.08,12,0,9,0.49,0,1.896,96
9317.89,269,0,154.09,178.84,26.76,8,14,8,0.476,3,0.326,0
2449.39,323,1,140.57,145.93,33.71,2,5,5,0.624,4,1.226,11
5590.61,63,1,129.6,155.18,36.02,2,9,6,0.793,2,1.1,31
1280.16,112,0,329.63,361.83,56.13,13,1,5,0.837,5,1.374,59
356.74,195,0,206.16,183.34,45.69,9,2,6,0.786,0,1.971,90
9111.36,242,1,133.1,107.94,30.95,13,10,1,0.669,3,0.328,0
351.85,145,0,123.28,128.04,45.89,18,11,8,0.644,0,0.873,71
4311.06,52,0,232.46,235.17,37.97,1,12,1,0.48,2,0.19,81
7861.15,163,0,341.57,383.24,57.05,15,10,15,0.714,3,1.163,0
1662.15,219,1,254.16,204.4,46.94,6,14,12,0.715,0,1.148,25
2485.49,88,2,268.88,252.97,44.24,7,15,5,0.517,2,0.465,32
4882.19,360,1,329.08,280.9,23.54,10,15,3,0.786,4,0.638,0
2927.89,222,0,221.96,254.44,57.56,14,8,6,0.472,3,0.191,42
1476.07,213,0,263.59,255.48,41.0,20,3,2,0.899,1,1.927,53
9120.68,14,0,156.77,176.09,30.43,16,10,14,0.222,2,1.082,0
1966.86,224,0,390.06,416.69,34.51,17,8,9,0.613,4,1.681,1
6366.41,43,0,122.15,133.79,51.81,5,9,3,0.587,2,1.529,53
3751.76,197,0,146.27,137.89,27.1,20,9,1,0.778,2,0.849,19
7387.97,317,0,392.29,367.87,45.93,3,0,2,0.777,3,1.414,0
651.72,324,0,217.64,260.26,39.15,8,0,4,0.623,4,1.14,52
3351.83,207,5,309.62,267.79,20.5,16,3,0,0.691,0,0.543,0
7573.06,280,0,300.7,285.03,28.53,18,1,0,0.543,5,0.42,0
576.43,32,2,239.83,223.1,50.62,15,8,7,0.476,3,0.743,58
3370.71,162,0,101.01,109.9,53.35,6,6,7,0.879,2,1.282,46
6442.05,151,0,329.56,342.43,57.08,9,8,13,0.527,3,0.359,0
824.04,258,0,358.5,351.51,20.16,8,7,12,0.479,5,1.026,29
8420.39,322,0,308.01,333.55,56.9,15,8,10,0.822,0,0.54,0
2517.44,359,0,289.57,292.14,32.77,7,9,1,0.836,4,0.543,28
4878.54,154,0,145.87,165.98,27.83,0,9,6,0.784,2,0.704,43
3100.02,134,0,364.89,336.77,47.68,18,2,6,0.135,5,1.017,30
6864.2,305,0,127.55,133.63,26.55,11,7,3,0.792,5,1.269,0
9791.12,332,1,233.6,192.52,51.9,18,7,15,0.118,3,1.422,8
8293.27,126,0,240.34,222.21,37.52,1,10,15,0.895,0,1.188,5
1664.2,273,2,106.54,114.19,41.92,7,0,7,0.395,0,1.673,45
6298.84,271,1,116.42,129.28,44.55,9,5,0,0.166,3,0.752,7
3874.8,12,0,281.81,249.3,44.56,1,7,9,0.245,3,0.247,94
4985.86,51,0,217.01,243.9,36.3,12,4,12,0.785,0,0.546,49
730.73,66,3,298.84,340.0,50.63,16,6,13,0.729,5,0.655,5
7244.6,112,0,117.08,111.2,38.55,17,10,8,0.753,2,0.217,3
9043.1,144,0,339.27,367.74,41.1,5,14,6,0.625,0,0.967,0
1516.83,63,2,397.54,363.72,47.89,13,13,3,0.695,2,0.806,27
9444.85,21,0,106.7,119.88,39.65,12,0,2,0.851,1,0.763,30
2194.16,262,0,180.16,160.94,40.6,13,12,5,0.799,4,0.943,21
6597.17,343,0,239.0,254.31,51.79,17,9,8,0.419,4,1.304,0
757.4,9,0,297.04,310.14,48.33,12,8,1,0.44,2,0.346,103
8429.72,26,0,202.39,240.17,43.77,12,15,15,0.529,1,1.403,2
5635.78,56,0,205.83,236.43,32.35,2,10,4,0.47,1,0.927,70
4280.93,291,2,247.07,280.87,39.01,12,10,9,0.801,3,1.047,4
1127.12,210,0,222.17,180.05,42.62,5,2,9,0.424,3,0.916,74
8973.39,17,0,262.19,270.29,44.1,5,2,4,0.215,2,0.171,56
1992.37,237,0,218.59,260.83,29.79,12,0,2,0.578,1,0.95,74
8735.94,158,0,109.66,114.88,22.22,18,3,10,0.422,5,1.657,3
9148.15,151,1,102.84,82.42,50.39,6,15,12,0.844,0,1.268,0
5495.53,336,0,259.14,215.93,31.41,15,7,1,0.666,0,1.052,3
9387.11,175,0,229.75,222.26,21.77,18,10,10,0.85,3,1.892,1
993.83,301,0,254.18,206.83,46.13,19,15,9,0.691,1,1.443,14
5377.33,106,0,243.8,265.55,35.73,7,3,9,0.247,5,1.853,27
3761.65,184,0,271.29,221.27,50.03,1,12,14,0.423,1,1.126,45
6121.1,26,0,118.18,99.07,21.52,15,3,10,0.35,2,1.929,39
1531.48,187,0,135.11,108.96,24.28,9,7,0,0.151,5,1.803,69
7446.89,127,0,211.34,177.24,29.06,8,2,9,0.286,5,1.891,1
5122.83,239,0,319.85,306.2,48.86,8,6,10,0.368,1,0.587,21
2851.56,185,1,147.15,130.11,34.64,18,0,4,0.619,0,0.625,57
5687.28,61,0,108.21,116.7,58.42,15,8,5,0.288,3,1.492,36
8992.79,213,1,214.59,249.91,31.09,15,13,8,0.794,5,1.737,0
1320.79,235,0,189.32,193.92,30.32,12,3,12,0.79,3,0.96,45
5655.32,218,0,244.97,269.69,22.7,13,4,12,0.358,4,0.186,9
5892.01,125,0,183.61,185.85,42.25,0,1,1,0.226,3,0.364,71
9953.49,82,3,217.68,212.37,51.88,16,3,3,0.161,3,1.061,0
443.1,223,0,197.73,160.96,46.06,11,7,9,0.234,1,0.771,80
7973.73,358,0,154.14,169.56,28.18,1,10,14,0.509,4,0.752,1
5620.64,279,2,276.39,251.72,35.91,17,14,13,0.524,0,0.362,0
6257.98,313,0,116.66,122.53,29.88,0,1,3,0.469,4,1.6,13
1047.58,357,0,108.06,105.65,24.24,3,0,5,0.812,4,0.652,61
2960.63,364,0,358.44,333.98,34.73,11,3,9,0.215,0,0.872,18
314.0,104,0,269.8,291.85,49.69,2,15,4,0.571,1,0.635,95
244.97,181,0,331.6,391.05,24.63,20,10,0,0.263,2,1.64,52
7598.79,193,0,394.12,460.08,48.67,1,9,1,0.312,4,0.942,1
3107.92,239,1,365.16,292.89,57.34,12,11,6,0.836,5,0.713,4
659.41,31,1,205.88,184.49,58.26,12,15,14,0.344,5,1.46,48
737.1,340,3,271.5,319.05,20.3,2,0,2,0.812,2,1.934,21
9600.33,30,1,259.16,229.57,27.79,14,10,5,0.36,5,0.185,0
9899.21,45,0,170.71,193.41,44.88,12,14,5,0.492,1,1.185,0
76.51,66,0,310.81,341.36,30.14,4,7,5,0.868,3,1.526,71
8098.76,69,0,109.2,93.91,42.48,3,13,4,0.388,2,1.421,23
2555.03,291,5,339.13,317.67,56.02,7,0,0,0.709,4,0.432,0
8400.28,25,0,116.01,124.76,22.96,5,14,6,0.589,2,0.609,24
5718.99,47,2,362.78,315.77,30.6,5,8,10,0.823,3,1.158,0
9907.25,79,0,143.08,142.06,48.38,17,15,11,0.325,5,1.411,0
3929.37,219,1,231.72,212.04,26.09,2,15,6,0.616,5,1.13,0
7986.78,50,0,219.39,195.69,33.52,3,8,3,0.807,3,1.865,6
2494.51,239,3,343.05,276.37,56.24,19,7,14,0.523,3,1.12,0
1590.25,150,3,372.27,306.3,28.23,10,9,14,0.613,0,0.314,17
4518.59,95,0,103.63,88.43,53.99,8,8,15,0.528,1,1.954,42
2975.14,3,0,218.05,179.35,37.31,9,7,8,0.534,3,0.721,85
1613.96,345,0,350.27,346.94,59.51,7,15,12,0.34,0,0.513,26
7091.57,111,0,269.15,232.27,54.25,19,9,11,0.733,3,0.368,6
6837.65,258,0,214.64,243.26,33.91,8,13,4,0.892,3,1.812,1
1486.89,124,2,180.6,153.24,42.35,14,9,7,0.849,2,0.539,38
3991.81,40,3,130.45,130.33,37.12,11,9,14,0.582,3,1.059,0
6174.57,208,0,229.79,215.32,58.12,18,9,11,0.85,3,0.389,1
381.32,37,0,314.35,321.28,24.35,3,9,11,0.688,1,1.729,85
7847.32,85,0,217.03,232.02,47.62,20,9,0,0.289,0,1.417,15
143.28,356,0,106.07,115.38,37.57,19,14,0,0.583,1,1.586,28
6819.97,121,0,320.4,375.22,45.16,5,5,1,0.166,4,1.111,30
1765.54,364,0,372.29,404.36,47.83,5,1,7,0.617,0,1.961,42
1355.45,33,0,343.92,391.35,30.34,16,3,9,0.303,2,1.38,80
3133.25,221,0,215.76,201.92,45.38,2,6,5,0.19,1,0.889,75
361.85,61,0,196.59,160.51,39.83,18,11,3,0.737,2,1.922,68
7732.61,193,0,335.12,327.99,54.56,20,5,8,0.25,0,1.16,0
8893.28,52,0,150.13,120.8,44.85,3,14,13,0.888,1,1.525,4
1774.12,64,0,326.65,262.56,58.36,11,13,3,0.425,1,0.764,80
2604.88,11,0,324.96,382.99,35.11,10,1,15,0.446,3,0.107,81
3301.81,25,3,161.82,154.2,21.01,10,4,8,0.523,4,0.915,21
1333.42,183,2,161.66,131.97,46.89,8,9,10,0.572,1,0.688,31
6168.38,288,0,136.85,162.33,31.26,3,6,9,0.409,5,1.612,0
8793.26,158,0,209.37,189.78,43.62,14,12,9,0.667,2,0.809,0
5057.83,293,3,283.4,309.31,33.8,5,8,0,0.428,5,1.091,0
5987.23,170,1,221.99,247.13,53.46,12,11,12,0.34,2,1.884,4
7255.06,59,0,217.84,208.68,30.19,9,9,8,0.361,3,1.882,13
9066.69,74,1,147.42,119.21,51.4,14,10,9,0.836,3,1.532,1
2458.04,322,0,334.8,346.6,35.23,11,13,6,0.155,4,1.204,10
7493.35,6,0,185.49,176.44,52.62,3,6,2,0.563,2,0.906,54
5426.59,217,0,317.36,292.09,20.05,15,10,1,0.22,2,1.975,8
3163.34,16,3,295.15,315.58,27.16,6,15,1,0.477,5,1.263,0
4271.81,172,2,263.44,308.18,42.89,17,6,11,0.804,3,1.288,5
5469.35,197,2,315.91,266.82,27.11,20,12,10,0.32,3,1.153,0
6319.33,43,0,382.48,446.91,55.36,3,4,8,0.353,5,1.688,24
9737.13,17,0,344.12,278.92,38.02,19,13,15,0.893,0,1.102,0
3244.53,349,0,214.91,185.3,58.55,4,14,2,0.16,0,0.105,40
8681.47,95,0,235.34,202.91,49.52,10,7,5,0.897,1,1.994,0
7326.72,224,2,323.35,272.34,59.27,13,4,8,0.232,5,1.059,2
6666.47,240,0,354.6,306.79,30.84,5,14,0,0.612,3,1.63,9
6531.31,168,0,282.38,269.1,59.5,20,9,0,0.422,5,1.4,10
9986.48,201,0,203.86,205.97,29.29,3,2,5,0.383,4,1.186,5
6973.88,179,0,333.89,301.3,26.01,18,7,13,0.559,0,1.331,0
4502.07,321,0,246.75,206.88,35.82,3,5,0,0.214,3,0.762,43
8226.56,88,2,150.16,148.75,44.8,11,3,11,0.241,4,0.719,3
8713.57,233,0,305.92,300.09,40.7,10,2,9,0.768,2,1.322,0
2294.19,33,0,370.25,402.59,33.94,10,0,1,0.899,3,1.267,87
3416.16,103,0,379.14,398.3,23.36,17,3,0,0.416,4,0.664,44
5772.02,191,0,273.07,232.23,29.39,2,7,10,0.631,0,0.211,41
2903.21,24,0,144.62,149.06,49.58,0,9,5,0.399,1,1.251,99
4812.43,14,0,247.98,289.26,58.23,17,2,6,0.313,2,0.666,57
3742.13,62,0,376.36,328.69,52.12,1,11,5,0.402,3,0.2,63
2553.14,26,0,168.82,147.44,51.12,9,14,14,0.53,1,1.991,48
3727.53,42,0,304.57,320.88,37.09,15,14,12,0.681,5,1.852,3
1771.17,272,0,326.31,303.22,51.51,9,0,4,0.551,1,0.49,63
9705.42,294,0,294.44,342.52,36.67,3,8,10,0.391,0,0.24,1
4984.42,251,0,280.46,242.63,41.95,16,11,11,0.567,3,0.243,0
5994.62,265,0,123.03,113.69,40.27,16,10,0,0.762,3,1.029,0
5369.08,155,0,152.22,155.37,57.8,19,12,9,0.825,4,1.085,0
5306.29,171,0,345.23,304.7,41.1,1,7,11,0.163,3,0.16,45
1067.15,131,2,184.5,213.93,50.94,5,3,8,0.205,3,1.377,61
6334.32,15,0,365.43,369.84,57.94,0,0,9,0.659,0,1.681,64
4213.57,358,0,110.31,124.74,31.39,6,8,5,0.804,5,0.92,7
8131.51,154,0,267.19,221.25,30.74,11,14,14,0.782,2,1.879,0
8103.33,184,0,168.19,151.66,40.16,6,10,3,0.559,0,1.125,13
5601.93,281,3,202.4,226.41,54.06,16,3,3,0.629,1,0.788,0
9353.82,27,0,210.19,217.42,31.33,17,8,0,0.873,4,1.767,0
9029.13,95,0,246.46,241.6,33.26,15,10,5,0.596,2,0.409,0
7343.23,239,2,252.36,271.36,59.16,19,7,2,0.374,2,0.698,0
2471.77,129,2,254.54,277.88,21.43,1,6,11,0.208,0,0.328,60
8703.04,351,0,388.85,408.59,51.38,3,4,1,0.878,0,1.724,11
792.27,132,0,329.85,361.51,46.47,1,11,11,0.527,5,1.281,49
5897.38,2,1,309.01,363.07,26.62,8,12,14,0.823,2,0.706,2
1604.18,33,2,188.39,151.28,31.87,6,12,1,0.595,4,0.234,60
4712.95,113,0,126.51,144.0,46.05,9,6,15,0.663,2,1.389,27
8938.9,30,0,346.3,318.66,52.62,13,2,8,0.587,3,1.073,6
6294.79,334,0,127.98,138.6,49.36,16,12,1,0.252,5,1.6,4
8026.3,196,0,263.91,299.27,32.11,10,12,14,0.117,5,0.3,0
1410.25,220,0,252.93,255.27,28.61,20,5,3,0.656,4,1.184,38
1370.63,296,0,379.09,387.34,39.64,1,12,0,0.118,1,1.468,63
774.12,119,0,231.12,187.12,56.98,11,10,8,0.866,5,0.583,57
3527.45,331,0,321.79,375.36,38.31,8,9,12,0.595,5,1.386,3
6677.5,323,0,258.75,306.41,23.59,15,2,11,0.332,1,1.737,0
2313.28,41,0,141.41,115.31,25.48,10,15,3,0.592,5,1.48,48
9126.03,97,1,323.79,340.71,37.08,10,8,2,0.419,1,0.398,1
2228.07,128,0,336.63,364.24,32.89,10,3,3,0.747,4,0.524,57
